-- phpMyAdmin SQL Dump
-- version 5.0.1
-- https://www.phpmyadmin.net/
--
-- Värd: 127.0.0.1
-- Tid vid skapande: 01 maj 2020 kl 15:22
-- Serverversion: 10.4.11-MariaDB
-- PHP-version: 7.4.3

SET SQL_MODE = "NO_AUTO_VALUE_ON_ZERO";
SET AUTOCOMMIT = 0;
START TRANSACTION;
SET time_zone = "+00:00";


/*!40101 SET @OLD_CHARACTER_SET_CLIENT=@@CHARACTER_SET_CLIENT */;
/*!40101 SET @OLD_CHARACTER_SET_RESULTS=@@CHARACTER_SET_RESULTS */;
/*!40101 SET @OLD_COLLATION_CONNECTION=@@COLLATION_CONNECTION */;
/*!40101 SET NAMES utf8mb4 */;

--
-- Databas: `gavintravelingdb`
--

-- --------------------------------------------------------

--
-- Tabellstruktur `booked_rooms`
--

CREATE TABLE `booked_rooms` (
  `booking_id` int(11) UNSIGNED NOT NULL,
  `room_id` int(11) UNSIGNED NOT NULL,
  `extra_bed` int(11) UNSIGNED NOT NULL,
  `start_date` datetime NOT NULL,
  `end_date` datetime NOT NULL
) ENGINE=InnoDB DEFAULT CHARSET=utf8mb4;

--
-- Dumpning av Data i tabell `booked_rooms`
--

INSERT INTO `booked_rooms` (`booking_id`, `room_id`, `extra_bed`, `start_date`, `end_date`) VALUES
(1, 1, 1, '2020-06-19 15:00:00', '2020-06-25 11:00:00'),
(2, 2, 2, '2020-06-24 15:00:00', '2020-06-29 11:00:00'),
(3, 3, 0, '2020-06-01 15:00:00', '2020-06-25 12:00:00'),
(4, 3, 2, '2020-06-12 15:00:00', '2020-07-05 11:00:00'),
(5, 2, 1, '2020-06-01 15:00:00', '2020-06-18 11:00:00'),
(6, 6, 1, '2020-06-19 00:00:00', '2020-07-25 00:00:00'),
(7, 7, 1, '2020-07-18 00:00:00', '2020-08-25 00:00:00'),
(8, 8, 1, '2020-06-17 00:00:00', '2020-06-24 00:00:00'),
(9, 9, 1, '2020-07-21 00:00:00', '2020-07-25 00:00:00'),
(10, 10, 1, '2020-06-23 00:00:00', '2020-07-01 00:00:00'),
(11, 11, 1, '2020-06-19 00:00:00', '2020-06-25 00:00:00'),
(12, 12, 1, '2020-07-24 00:00:00', '2020-08-28 00:00:00'),
(13, 13, 1, '2020-06-11 00:00:00', '2020-08-22 00:00:00'),
(14, 14, 1, '2020-08-11 00:00:00', '2020-09-14 00:00:00'),
(16, 16, 1, '2020-06-22 00:00:00', '2020-06-24 00:00:00'),
(17, 17, 1, '2020-09-19 00:00:00', '2020-10-25 00:00:00'),
(18, 18, 1, '2020-08-19 00:00:00', '2020-09-25 00:00:00'),
(19, 19, 1, '2020-04-12 00:00:00', '2020-09-21 00:00:00'),
(20, 20, 1, '2020-08-04 00:00:00', '2020-09-11 00:00:00'),
(21, 1, 0, '2020-04-29 00:00:00', '2020-05-02 00:00:00'),
(21, 16, 1, '2020-04-29 00:00:00', '2020-05-02 00:00:00'),
(21, 94, 0, '2020-04-29 00:00:00', '2020-05-02 00:00:00'),
(21, 105, 0, '2020-04-29 00:00:00', '2020-05-02 00:00:00'),
(21, 113, 1, '2020-04-29 00:00:00', '2020-05-02 00:00:00'),
(21, 125, 0, '2020-04-29 00:00:00', '2020-05-02 00:00:00'),
(21, 133, 0, '2020-04-29 00:00:00', '2020-05-02 00:00:00'),
(21, 238, 0, '2020-04-29 00:00:00', '2020-05-02 00:00:00'),
(21, 249, 0, '2020-04-29 00:00:00', '2020-05-02 00:00:00'),
(21, 258, 0, '2020-04-29 00:00:00', '2020-05-02 00:00:00'),
(21, 271, 0, '2020-04-29 00:00:00', '2020-05-02 00:00:00'),
(21, 282, 0, '2020-04-29 00:00:00', '2020-05-02 00:00:00'),
(21, 285, 0, '2020-04-29 00:00:00', '2020-05-02 00:00:00'),
(21, 307, 0, '2020-04-29 00:00:00', '2020-05-02 00:00:00'),
(21, 308, 0, '2020-04-29 00:00:00', '2020-05-02 00:00:00'),
(21, 316, 0, '2020-04-29 00:00:00', '2020-05-02 00:00:00'),
(21, 333, 0, '2020-04-29 00:00:00', '2020-05-02 00:00:00'),
(21, 344, 0, '2020-04-29 00:00:00', '2020-05-02 00:00:00'),
(21, 356, 0, '2020-04-29 00:00:00', '2020-05-02 00:00:00'),
(21, 391, 0, '2020-04-29 00:00:00', '2020-05-02 00:00:00'),
(21, 417, 0, '2020-04-29 00:00:00', '2020-05-02 00:00:00'),
(22, 1685, 0, '2020-04-29 00:00:00', '2020-05-02 00:00:00'),
(22, 1770, 0, '2020-04-29 00:00:00', '2020-05-02 00:00:00'),
(22, 1932, 0, '2020-04-29 00:00:00', '2020-05-02 00:00:00'),
(22, 1969, 0, '2020-04-29 00:00:00', '2020-05-02 00:00:00'),
(22, 2315, 0, '2020-04-29 00:00:00', '2020-05-02 00:00:00'),
(22, 2380, 0, '2020-04-29 00:00:00', '2020-05-02 00:00:00'),
(22, 2465, 0, '2020-04-29 00:00:00', '2020-05-02 00:00:00'),
(22, 2478, 0, '2020-04-29 00:00:00', '2020-05-02 00:00:00'),
(22, 2530, 0, '2020-04-29 00:00:00', '2020-05-02 00:00:00'),
(22, 2534, 0, '2020-04-29 00:00:00', '2020-05-02 00:00:00'),
(22, 2760, 0, '2020-04-29 00:00:00', '2020-05-02 00:00:00'),
(22, 2780, 0, '2020-04-29 00:00:00', '2020-05-02 00:00:00'),
(22, 2926, 0, '2020-04-29 00:00:00', '2020-05-02 00:00:00'),
(22, 3130, 0, '2020-04-29 00:00:00', '2020-05-02 00:00:00'),
(22, 3218, 0, '2020-04-29 00:00:00', '2020-05-02 00:00:00'),
(22, 3400, 0, '2020-04-29 00:00:00', '2020-05-02 00:00:00'),
(22, 3446, 0, '2020-04-29 00:00:00', '2020-05-02 00:00:00'),
(22, 3544, 0, '2020-04-29 00:00:00', '2020-05-02 00:00:00'),
(22, 3583, 0, '2020-04-29 00:00:00', '2020-05-02 00:00:00'),
(22, 3929, 0, '2020-04-29 00:00:00', '2020-05-02 00:00:00'),
(23, 50, 0, '2020-04-29 00:00:00', '2020-05-02 00:00:00'),
(23, 55, 0, '2020-04-29 00:00:00', '2020-05-02 00:00:00'),
(23, 70, 0, '2020-04-29 00:00:00', '2020-05-02 00:00:00'),
(23, 86, 0, '2020-04-29 00:00:00', '2020-05-02 00:00:00'),
(23, 157, 0, '2020-04-29 00:00:00', '2020-05-02 00:00:00'),
(23, 366, 0, '2020-04-29 00:00:00', '2020-05-02 00:00:00'),
(23, 402, 0, '2020-04-29 00:00:00', '2020-05-02 00:00:00'),
(23, 447, 0, '2020-04-29 00:00:00', '2020-05-02 00:00:00'),
(23, 488, 0, '2020-04-29 00:00:00', '2020-05-02 00:00:00'),
(23, 623, 0, '2020-04-29 00:00:00', '2020-05-02 00:00:00'),
(23, 682, 0, '2020-04-29 00:00:00', '2020-05-02 00:00:00'),
(24, 176, 0, '2020-04-29 00:00:00', '2020-05-02 00:00:00'),
(24, 342, 0, '2020-04-29 00:00:00', '2020-05-02 00:00:00'),
(24, 361, 0, '2020-04-29 00:00:00', '2020-05-02 00:00:00'),
(24, 411, 0, '2020-04-29 00:00:00', '2020-05-02 00:00:00'),
(24, 436, 0, '2020-04-29 00:00:00', '2020-05-02 00:00:00'),
(24, 469, 0, '2020-04-29 00:00:00', '2020-05-02 00:00:00'),
(24, 522, 0, '2020-04-29 00:00:00', '2020-05-02 00:00:00'),
(24, 596, 0, '2020-04-29 00:00:00', '2020-05-02 00:00:00'),
(24, 605, 0, '2020-04-29 00:00:00', '2020-05-02 00:00:00'),
(24, 730, 0, '2020-04-29 00:00:00', '2020-05-02 00:00:00'),
(24, 740, 0, '2020-04-29 00:00:00', '2020-05-02 00:00:00'),
(24, 741, 0, '2020-04-29 00:00:00', '2020-05-02 00:00:00'),
(24, 750, 0, '2020-04-29 00:00:00', '2020-05-02 00:00:00'),
(24, 762, 0, '2020-04-29 00:00:00', '2020-05-02 00:00:00'),
(24, 764, 0, '2020-04-29 00:00:00', '2020-05-02 00:00:00'),
(24, 821, 0, '2020-04-29 00:00:00', '2020-05-02 00:00:00'),
(24, 917, 0, '2020-04-29 00:00:00', '2020-05-02 00:00:00'),
(24, 947, 0, '2020-04-29 00:00:00', '2020-05-02 00:00:00'),
(24, 982, 0, '2020-04-29 00:00:00', '2020-05-02 00:00:00'),
(24, 1147, 0, '2020-04-29 00:00:00', '2020-05-02 00:00:00'),
(24, 1466, 0, '2020-04-29 00:00:00', '2020-05-02 00:00:00'),
(24, 1990, 0, '2020-04-29 00:00:00', '2020-05-02 00:00:00'),
(24, 2115, 0, '2020-04-29 00:00:00', '2020-05-02 00:00:00'),
(24, 2184, 0, '2020-04-29 00:00:00', '2020-05-02 00:00:00'),
(24, 2430, 0, '2020-04-29 00:00:00', '2020-05-02 00:00:00'),
(24, 2500, 0, '2020-04-29 00:00:00', '2020-05-02 00:00:00'),
(24, 2714, 0, '2020-04-29 00:00:00', '2020-05-02 00:00:00'),
(24, 2861, 0, '2020-04-29 00:00:00', '2020-05-02 00:00:00'),
(24, 2869, 0, '2020-04-29 00:00:00', '2020-05-02 00:00:00'),
(32, 815, 0, '2020-05-01 00:00:00', '2020-05-04 00:00:00'),
(33, 1210, 0, '2020-05-01 00:00:00', '2020-05-04 00:00:00'),
(38, 1697, 1, '2020-05-01 00:00:00', '2020-05-04 00:00:00'),
(39, 2005, 0, '2020-05-01 00:00:00', '2020-05-04 00:00:00'),
(40, 2157, 0, '2020-05-01 00:00:00', '2020-05-04 00:00:00'),
(41, 2255, 0, '2020-05-01 00:00:00', '2020-05-04 00:00:00'),
(41, 3135, 0, '2020-05-01 00:00:00', '2020-05-04 00:00:00'),
(42, 1503, 1, '2020-05-01 00:00:00', '2020-05-04 00:00:00'),
(42, 2599, 1, '2020-05-01 00:00:00', '2020-05-04 00:00:00'),
(42, 3014, 1, '2020-05-01 00:00:00', '2020-05-04 00:00:00'),
(43, 4091, 0, '2020-05-01 00:00:00', '2020-05-04 00:00:00'),
(44, 4222, 1, '2020-05-01 00:00:00', '2020-05-04 00:00:00'),
(45, 1121, 1, '2020-05-01 00:00:00', '2020-05-04 00:00:00'),
(45, 1260, 1, '2020-05-01 00:00:00', '2020-05-04 00:00:00'),
(45, 1569, 1, '2020-05-01 00:00:00', '2020-05-04 00:00:00');

-- --------------------------------------------------------

--
-- Tabellstruktur `bookings`
--

CREATE TABLE `bookings` (
  `id` int(11) UNSIGNED NOT NULL,
  `customer_id` int(11) UNSIGNED NOT NULL,
  `person_count` int(11) UNSIGNED NOT NULL,
  `children_count` int(11) UNSIGNED NOT NULL,
  `small_children_count` int(11) UNSIGNED NOT NULL,
  `active_booking` bit(1) NOT NULL,
  `half_pension` int(3) NOT NULL,
  `full_pension` int(3) NOT NULL,
  `all_inclusive` int(3) NOT NULL,
  `total_price` double NOT NULL
) ENGINE=InnoDB DEFAULT CHARSET=utf8mb4;

--
-- Dumpning av Data i tabell `bookings`
--

INSERT INTO `bookings` (`id`, `customer_id`, `person_count`, `children_count`, `small_children_count`, `active_booking`, `half_pension`, `full_pension`, `all_inclusive`, `total_price`) VALUES
(1, 1, 2, 2, 1, b'0', 0, 0, 0, 0),
(2, 2, 2, 1, 1, b'1', 0, 0, 0, 0),
(3, 3, 2, 2, 1, b'1', 0, 0, 0, 0),
(4, 4, 2, 0, 2, b'1', 0, 0, 0, 0),
(5, 5, 1, 0, 0, b'0', 0, 0, 0, 0),
(6, 6, 1, 2, 1, b'0', 0, 0, 0, 0),
(7, 7, 3, 1, 0, b'0', 0, 0, 0, 0),
(8, 8, 2, 1, 0, b'0', 0, 0, 0, 0),
(9, 9, 1, 2, 2, b'0', 0, 0, 0, 0),
(10, 10, 1, 2, 2, b'0', 0, 0, 0, 0),
(11, 11, 1, 1, 2, b'0', 0, 0, 0, 0),
(12, 12, 2, 2, 0, b'0', 0, 0, 0, 0),
(13, 13, 3, 3, 0, b'0', 0, 0, 0, 0),
(14, 14, 3, 1, 2, b'0', 0, 0, 0, 0),
(15, 15, 2, 2, 2, b'0', 0, 0, 0, 0),
(16, 16, 1, 2, 0, b'0', 0, 0, 0, 0),
(17, 17, 3, 1, 2, b'0', 0, 0, 0, 0),
(18, 18, 2, 4, 0, b'0', 0, 0, 0, 0),
(19, 19, 1, 2, 1, b'0', 0, 0, 0, 0),
(20, 20, 1, 1, 1, b'0', 0, 0, 0, 0),
(21, 5, 1, 0, 0, b'1', 0, 0, 0, 0),
(22, 5, 1, 0, 0, b'1', 0, 0, 0, 0),
(23, 5, 1, 0, 0, b'1', 0, 0, 0, 0),
(24, 5, 1, 0, 0, b'1', 0, 0, 0, 0),
(32, 5, 1, 0, 0, b'1', 0, 0, 0, 0),
(33, 32, 1, 0, 0, b'1', 0, 0, 0, 0),
(37, 37, 1, 3, 2, b'0', 0, 0, 0, 0),
(38, 32, 1, 0, 0, b'1', 0, 0, 0, 0),
(39, 5, 1, 0, 0, b'1', 0, 0, 0, 0),
(40, 32, 1, 0, 0, b'1', 0, 0, 0, 0),
(41, 32, 1, 0, 0, b'1', 0, 0, 0, 0),
(42, 5, 1, 0, 0, b'1', 0, 0, 0, 0),
(43, 5, 1, 0, 0, b'1', 0, 0, 0, 0),
(44, 32, 1, 0, 0, b'1', 0, 0, 0, 5000),
(45, 32, 3, 0, 0, b'1', 0, 0, 0, 3750);

-- --------------------------------------------------------

--
-- Tabellstruktur `cities`
--

CREATE TABLE `cities` (
  `id` int(11) UNSIGNED NOT NULL,
  `name` varchar(20) NOT NULL
) ENGINE=InnoDB DEFAULT CHARSET=utf8mb4;

--
-- Dumpning av Data i tabell `cities`
--

INSERT INTO `cities` (`id`, `name`) VALUES
(1, 'gagarin'),
(2, 'tubel'),
(3, 'dallas'),
(4, 'sheregesh'),
(5, 'banyumas'),
(6, 'West Felicityton'),
(7, 'Corkerybury'),
(8, 'North Nannieport'),
(9, 'East Hassieborough'),
(10, 'South Deon'),
(11, 'Ronnychester'),
(12, 'New Otiliaview'),
(13, 'Port Damian'),
(14, 'Gutmannshire'),
(15, 'North Jaunitaside'),
(16, 'South Haroldfurt'),
(17, 'New Jack'),
(18, 'East Miguelfort'),
(19, 'Kshlerinburgh'),
(20, 'O\'Keefechester'),
(30, 'DEVCITY'),
(33, 'TESTCITY');

-- --------------------------------------------------------

--
-- Tabellstruktur `customers`
--

CREATE TABLE `customers` (
  `id` int(11) UNSIGNED NOT NULL,
  `first_name` varchar(20) NOT NULL,
  `last_name` varchar(20) NOT NULL,
  `phone_number` varchar(20) NOT NULL,
  `e_mail` varchar(45) NOT NULL,
  `password` varchar(255) NOT NULL,
  `person_number` varchar(13) NOT NULL,
  `token_id` varchar(255) DEFAULT NULL
) ENGINE=InnoDB DEFAULT CHARSET=utf8mb4;

--
-- Dumpning av Data i tabell `customers`
--

INSERT INTO `customers` (`id`, `first_name`, `last_name`, `phone_number`, `e_mail`, `password`, `person_number`, `token_id`) VALUES
(1, 'lonnard', 'samwell', '1974177936', 'lsamwell0@scribd.com', 'eilkoip', '1987604839', NULL),
(2, 'raquel', 'ygoe', '7702878342', 'rygoe1@github.com', '1nvqg7zvrzfd', '1975967927', NULL),
(3, 'paulita', 'harverson', '9978691640', 'pharverson2@prlog.org', 'ownjzsu', '1990150778', NULL),
(4, 'garfield', 'tremellier', '1555529808', 'gtremellier3@microsoft.com', '7rx5r7dl', '1974401779', NULL),
(5, 'test', 'test', '0739990855', 'test@mail.com', '$2a$10$B789zZwhK1dWpie0CkVCvOfPVLBiky7iaQ2/41KnfwPZr.gGHYbaW', '9998999', 'eyJ0eXAiOiJKV1QiLCJhbGciOiJIUzUxMiJ9.eyJpc3MiOiJzZWN1cmUtYXBpIiwiYXVkIjoic2VjdXJlLWFwcCIsInN1YiI6InRlc3RAbWFpbC5jb20iLCJleHAiOjE1ODkyMDIwNjksInJvbCI6W119.8AE62bGJjlqOfeeUZ2NV4TffF-6_667mEk81kGhaDQQSu97gCNuRYWZrL2KUk41_7DIzz75_Q6mlfxSW5IqM2Q'),
(6, 'Reed', 'Bechtelar', '890-102-8137', 'Delaney33@hotmail.com', 'D0R0e3H4q8vWUHw', '1993746294', NULL),
(7, 'Leola', 'Conroy', '776-519-4548', 'Breana35@gmail.com', 'mOJiwMYyyM7Z2BV', '1992991172', NULL),
(8, 'Elliot', 'Hyatt', '291-303-4807', 'Bryce_Walker2@hotmail.com', 'tASKPVUxocx8GGq', '1991316087', NULL),
(9, 'Bartholome', 'O\'Hara', '015-186-4617', 'Maegan_Bergnaum52@gmail.com', 'baw6k7RD1v7eN8i', '1997898815', NULL),
(10, 'Lawrence', 'Klein', '643-571-9418', 'Justice_Jones@gmail.com', 'rBOwHHLIbxwtvQd', '1998101065', NULL),
(11, 'Danyka', 'Conroy', '990-908-7293', 'Lyric.Gerlach79@hotmail.com', 'tT4oC6BjLEpad10', '1992732616', NULL),
(12, 'Polly', 'Wisoky', '069-897-1896', 'Bernhard_Legros93@yahoo.com', 'Xuy9csfKxkLwXzn', '1996651762', NULL),
(13, 'Nathan', 'Hintz', '185-443-8762', 'Nikita.Auer@hotmail.com', 'Cv8FKYH9R9BknOk', '1990230006', NULL),
(14, 'Richie', 'Berge', '939-543-2575', 'Xavier.Beer64@gmail.com', 'rI7l_pKAWllVv7d', '1995799533', NULL),
(15, 'Armani', 'Okuneva', '958-309-3894', 'Shane.Klein@hotmail.com', 'NdvYY5jNAQAoAjx', '1994111129', NULL),
(16, 'Vidal', 'Breitenberg', '208-205-9042', 'Lucio86@gmail.com', '2GJpJNFWj4H7SVN', '1998538928', NULL),
(17, 'Albina', 'Johnston', '499-929-3348', 'Arely_Wisozk90@hotmail.com', 'FzWzFFSG5ZkaMYv', '1990906305', NULL),
(18, 'Terence', 'Hilpert', '582-659-6359', 'Lisette_Jacobi34@gmail.com', '9ogqBLhxJHPI9sd', '1990722602', NULL),
(19, 'Percival', 'Lemke', '627-229-9042', 'Armand.Harber59@gmail.com', 'W4b2VURpet2PB3G', '1994593304', NULL),
(20, 'Lowell', 'Kertzmann', '895-834-1459', 'Carmelo12@hotmail.com', '0moEId2XzL75kJd', '1997885198', NULL),
(24, 'test', 'test', '0739990855', 'user@mail.com', '$2a$10$gHxlOi1INZyTCg2lc5xJqOKom45T5fzvwvAb4LeK/HerVAAUwRDEK', '9999999', NULL),
(32, 'Joacim', 'Norbeck', '1727272772', 'aaaabbbb@mail.com', '$2a$10$QIBAJmR5bSQsuCb2D59y0uCLr7lbVEy/QbgCKGmQ0JCYvC5ZgFCS2', '1727272772', 'eyJ0eXAiOiJKV1QiLCJhbGciOiJIUzUxMiJ9.eyJpc3MiOiJzZWN1cmUtYXBpIiwiYXVkIjoic2VjdXJlLWFwcCIsInN1YiI6ImFhYWFiYmJiQG1haWwuY29tIiwiZXhwIjoxNTg5MjAzMTY4LCJyb2wiOltdfQ.t5FO0cM0o-aAHfKpY4sDi59yrZVZ9wmu2lCxtsVDDmAP5TyYr6ZFxNj9KToEjMZ5Qeanjx3BrFGsRND4G-mFqg'),
(35, 'Gabe', 'Roberts', '170-869-6147', 'Ora_Wilkinson59@hotmail.com', 'BvDLuFSgnLsNWRq', '375-501-8844', NULL),
(37, 'Lessie', 'Pouros', '264-407-9645', 'Winnifred.Lesch@gmail.com', '7NeN6rGJx7EkhBg', '505-488-7323', NULL),
(38, 'Cynthia', 'Weimann', '732-321-4749', 'Antonietta_Wolff3@gmail.com', 'NbHt4_sZohu7zes', '032-749-5690', NULL);

-- --------------------------------------------------------

--
-- Tabellstruktur `hotels`
--

CREATE TABLE `hotels` (
  `id` int(11) UNSIGNED NOT NULL,
  `name` varchar(20) NOT NULL,
  `stars` int(11) UNSIGNED NOT NULL,
  `city_id` int(11) UNSIGNED NOT NULL,
  `picture` varchar(255) NOT NULL,
  `phone` varchar(20) NOT NULL,
  `e_mail` varchar(45) NOT NULL,
  `address` varchar(45) NOT NULL,
  `postal_code` varchar(10) NOT NULL,
  `pool` bit(1) NOT NULL,
  `night_entertainment` bit(1) NOT NULL,
  `restaurant` bit(1) NOT NULL,
  `children_club` bit(1) NOT NULL,
  `distance_to_beach` double(22,0) UNSIGNED NOT NULL,
  `distance_to_center` double(22,0) UNSIGNED NOT NULL,
  `pension_half_price` double(22,0) UNSIGNED NOT NULL,
  `pension_full_price` double(22,0) UNSIGNED NOT NULL,
  `all_inclusive` double(22,0) UNSIGNED NOT NULL,
  `extra_bed` double NOT NULL
) ENGINE=InnoDB DEFAULT CHARSET=utf8mb4;

--
-- Dumpning av Data i tabell `hotels`
--

INSERT INTO `hotels` (`id`, `name`, `stars`, `city_id`, `picture`, `phone`, `e_mail`, `address`, `postal_code`, `pool`, `night_entertainment`, `restaurant`, `children_club`, `distance_to_beach`, `distance_to_center`, `pension_half_price`, `pension_full_price`, `all_inclusive`, `extra_bed`) VALUES
(1, 'roberts-heller', 1, 1, '', '647 946 9787', 'gglendinning0@dagondesign.com', '4th', '26653', b'1', b'1', b'1', b'0', 2, 20, 100, 200, 300, 0),
(2, 'gorczany inc', 1, 2, '', '458 249 3466', 'fstrowger1@mayoclinic.com', 'ohio', '26787', b'1', b'1', b'0', b'0', 8, 2, 100, 200, 300, 0),
(3, 'bartoletti and sons', 3, 3, '', '208 116 2957', 'asyers2@people.com.cn', 'john wall', '26467', b'1', b'1', b'0', b'0', 11, 7, 100, 200, 300, 0),
(4, 'hessel group', 2, 4, '', '613 631 2948', 'xmulvaney3@cargocollective.com', 'hoepker', '26683', b'0', b'1', b'0', b'1', 15, 5, 100, 200, 300, 0),
(5, 'predovic-cassin', 3, 5, '', '800 863 4709', 'ebownes4@issuu.com', 'farmco', '26685', b'1', b'1', b'0', b'0', 20, 11, 100, 200, 300, 0),
(6, 'Johnson Inc', 2, 6, '', '722-251-7531', 'Cesar84@gmail.com', '433th', '22253', b'1', b'0', b'0', b'1', 2, 3, 100, 200, 300, 0),
(7, 'Flatley Group', 2, 7, '', '628-735-4493', 'Alexander.Kautzer54@yahoo.com', '3213th', '42253', b'1', b'1', b'0', b'1', 3, 1, 100, 200, 300, 0),
(8, 'Russel - Halvorson', 2, 8, '', '737-894-7729', 'Kyleigh_Ondricka30@yahoo.com', '33th', '12253', b'1', b'0', b'1', b'1', 1, 3, 100, 200, 300, 0),
(9, 'Robel - Marquardt', 2, 10, '', '317-167-6363', 'Ricardo95@hotmail.com', '631th', '25233', b'1', b'1', b'0', b'1', 15, 15, 100, 200, 300, 0),
(10, 'Robel - Mayert', 2, 10, '', '522-548-2996', 'Hayden_Grady19@yahoo.com', '923th', '25153', b'1', b'0', b'1', b'1', 2, 1, 100, 200, 300, 0),
(11, 'Brekke Inc', 2, 11, '', '982-395-4403', 'Gillian.Stamm@hotmail.com', '4233th', '12253', b'1', b'0', b'0', b'1', 6, 12, 100, 200, 300, 0),
(12, 'Hettinger - Torphy', 2, 12, '', '990-711-3531', 'Nathaniel.Walsh@yahoo.com', '123th', '17253', b'1', b'0', b'1', b'1', 3, 16, 100, 200, 300, 0),
(13, 'Walter and Sons', 2, 14, '', '031-920-4156', 'Letitia_Zulauf14@hotmail.com', '313th', '65253', b'1', b'0', b'1', b'1', 12, 2, 100, 200, 300, 0),
(14, 'Roberts LLC', 2, 15, '', '648-624-5683', 'Madisyn.Witting10@hotmail.com', '223th', '65453', b'1', b'0', b'0', b'1', 3, 6, 100, 200, 300, 0),
(15, 'McGlynn Inc', 2, 15, '', '687-293-1942', 'Caroline79@gmail.com', '133th', '45253', b'1', b'1', b'1', b'1', 2, 12, 100, 200, 300, 0),
(16, 'Wintheiser - Hyatt', 2, 17, '', '048-069-5054', 'Rick.Cole@yahoo.com', '43th', '96253', b'1', b'0', b'0', b'1', 12, 13, 100, 200, 300, 0),
(17, 'Schaefer and Sons', 2, 19, '', '619-764-5992', 'Tyra.Prosacco9@gmail.com', '563th', '97253', b'1', b'0', b'0', b'1', 2, 1, 100, 200, 300, 0),
(18, 'Howell Inc', 2, 20, '', '285-669-0486', 'Mylene_Hintz@yahoo.com', '893th', '33253', b'1', b'1', b'1', b'1', 7, 7, 100, 200, 300, 0),
(19, 'Bins - Schoen', 2, 20, '', '634-277-7528', 'Berry59@yahoo.com', '889th', '46753', b'1', b'1', b'0', b'1', 7, 17, 100, 200, 300, 0),
(20, 'Koelpin - Hamill', 2, 20, '', '299-287-6227', 'Reginald26@hotmail.com', '663th', '13053', b'1', b'1', b'1', b'1', 16, 12, 100, 200, 300, 0),
(21, 'Wuckert, Jenkins and', 5, 18, '', '157-805-4574', 'bmunsey0@creativecommons.org', '082 Trailsway Place', '8156', b'1', b'0', b'1', b'1', 12, 14, 0, 0, 0, 250),
(22, 'Hayes Group', 4, 12, '', '424-380-0538', 'hwaller1@mozilla.org', '438 Hermina Point', '76455', b'1', b'1', b'0', b'1', 6, 6, 0, 0, 0, 250),
(23, 'Reilly, Nolan and Ca', 5, 4, '', '118-619-4242', 'dtembey2@wordpress.org', '491 Kings Road', '86', b'0', b'1', b'1', b'1', 6, 2, 0, 0, 0, 250),
(24, 'Mante Inc', 3, 6, '', '184-989-1679', 'ndiffley3@issuu.com', '7 Mcguire Circle', '34079', b'0', b'0', b'0', b'1', 15, 17, 0, 0, 0, 250),
(25, 'Balistreri, Waelchi ', 4, 16, '', '980-986-6340', 'droels4@clickbank.net', '21049 Saint Paul Terrace', '74788', b'1', b'1', b'1', b'1', 0, 2, 0, 0, 0, 250),
(26, 'Gerlach-Baumbach', 1, 9, '', '760-632-9592', 'mkobiela5@cafepress.com', '7491 Arapahoe Lane', '04', b'0', b'0', b'1', b'0', 19, 12, 0, 0, 0, 250),
(27, 'Nolan Group', 2, 13, '', '739-553-7376', 'fblodgetts6@is.gd', '6272 Carioca Center', '6', b'1', b'0', b'0', b'0', 15, 4, 0, 0, 0, 250),
(28, 'Morar-Green', 4, 17, '', '697-563-4041', 'ktomet7@ucoz.com', '416 Duke Alley', '5720', b'0', b'0', b'1', b'1', 19, 12, 0, 0, 0, 250),
(29, 'Ledner, Waelchi and ', 4, 8, '', '688-603-6394', 'atanzer8@oracle.com', '292 Fisk Point', '70', b'0', b'1', b'1', b'1', 4, 5, 0, 0, 0, 250),
(30, 'Ratke, Harris and Ob', 1, 16, '', '281-987-2144', 'ghek9@intel.com', '1 Nelson Street', '23', b'0', b'1', b'0', b'1', 12, 18, 0, 0, 0, 250),
(31, 'Ryan-Cole', 4, 20, '', '621-707-4394', 'tgosselina@aboutads.info', '83 American Ash Point', '58', b'0', b'0', b'0', b'0', 5, 14, 0, 0, 0, 250),
(32, 'Conn, Tillman and Je', 4, 20, '', '697-170-2849', 'kvalentib@odnoklassniki.ru', '132 Mitchell Hill', '93993', b'0', b'1', b'0', b'0', 19, 5, 0, 0, 0, 250),
(33, 'Moore-Paucek', 3, 11, '', '365-922-2164', 'cbulfordc@pagesperso-orange.fr', '9546 Hoard Center', '0137', b'1', b'0', b'1', b'0', 15, 11, 0, 0, 0, 250),
(34, 'Green-Carroll', 2, 14, '', '537-326-9131', 'apilgrimd@jugem.jp', '34705 Roxbury Place', '91037', b'1', b'1', b'1', b'1', 14, 15, 0, 0, 0, 250),
(35, 'Schumm, Metz and Zbo', 1, 14, '', '177-169-1532', 'dgerghere@paginegialle.it', '2487 Hovde Parkway', '842', b'0', b'0', b'0', b'0', 6, 0, 0, 0, 0, 250),
(36, 'Balistreri Inc', 5, 5, '', '817-376-1615', 'lmckeighanf@mail.ru', '07 Barby Alley', '1067', b'0', b'1', b'1', b'0', 5, 10, 0, 0, 0, 250),
(37, 'Lemke-Jacobi', 3, 10, '', '166-930-8404', 'fgiacovazzog@goo.ne.jp', '2 Luster Circle', '90', b'0', b'1', b'0', b'0', 14, 8, 0, 0, 0, 250),
(38, 'Thiel-Collier', 4, 7, '', '146-813-5833', 'pinggallh@icio.us', '3378 Clyde Gallagher Lane', '197', b'0', b'1', b'1', b'1', 7, 13, 0, 0, 0, 250),
(39, 'Cronin and Sons', 1, 20, '', '382-860-9091', 'eruttgersi@ning.com', '69 Northland Point', '434', b'1', b'0', b'0', b'1', 11, 1, 0, 0, 0, 250),
(40, 'Nader and Sons', 1, 10, '', '985-723-4513', 'bokuddyhyj@comsenz.com', '1134 Rieder Point', '9931', b'0', b'1', b'0', b'0', 1, 19, 0, 0, 0, 250),
(41, 'Bednar, Ledner and F', 2, 17, '', '908-223-3950', 'rpoolk@twitpic.com', '4601 Oak Junction', '278', b'1', b'1', b'1', b'0', 20, 1, 0, 0, 0, 250),
(42, 'Stehr, Kirlin and Ku', 5, 1, '', '100-738-0255', 'kduncansonl@myspace.com', '9809 Vidon Place', '742', b'0', b'0', b'0', b'1', 6, 15, 0, 0, 0, 250),
(43, 'Bahringer-Donnelly', 2, 4, '', '629-152-1106', 'cbindonm@ox.ac.uk', '3987 Grayhawk Parkway', '18291', b'1', b'1', b'1', b'0', 5, 15, 0, 0, 0, 250),
(44, 'Bergstrom Group', 4, 7, '', '266-281-6542', 'cmathersonn@purevolume.com', '558 Vahlen Street', '245', b'0', b'0', b'0', b'1', 6, 20, 0, 0, 0, 250),
(45, 'Conn, Gleichner and ', 5, 12, '', '458-249-9398', 'kbelwardo@toplist.cz', '285 Fulton Terrace', '0', b'1', b'0', b'0', b'1', 19, 0, 0, 0, 0, 250),
(46, 'Bosco-Ziemann', 4, 16, '', '475-637-6862', 'bdeblasip@uol.com.br', '77 Everett Hill', '0', b'0', b'0', b'0', b'0', 4, 13, 0, 0, 0, 250),
(47, 'Anderson, Howe and T', 2, 5, '', '718-222-4540', 'dbutq@stumbleupon.com', '83 Larry Street', '3', b'0', b'1', b'0', b'1', 2, 4, 0, 0, 0, 250),
(48, 'Prosacco Inc', 5, 6, '', '213-225-1074', 'eovendenr@utexas.edu', '00 Chive Park', '689', b'0', b'1', b'0', b'1', 17, 19, 0, 0, 0, 250),
(49, 'Tromp-Kreiger', 3, 11, '', '337-318-5944', 'sbergstrands@ezinearticles.com', '8092 Waxwing Hill', '52', b'0', b'1', b'1', b'0', 14, 8, 0, 0, 0, 250),
(50, 'Reichert, Kohler and', 5, 13, '', '783-801-8069', 'clahrst@fotki.com', '09543 Hollow Ridge Terrace', '79570', b'0', b'0', b'0', b'1', 2, 16, 0, 0, 0, 250),
(51, 'Wuckert, Stracke and', 4, 15, '', '845-223-3447', 'freidieu@last.fm', '02 Londonderry Court', '490', b'1', b'0', b'1', b'0', 8, 5, 0, 0, 0, 250),
(52, 'Abshire-Schaefer', 2, 14, '', '690-759-3503', 'rjendruschv@ted.com', '098 Walton Court', '78', b'1', b'1', b'0', b'0', 1, 13, 0, 0, 0, 250),
(53, 'Mann-Wilderman', 5, 16, '', '558-479-6353', 'rtitcomw@twitpic.com', '230 Maryland Park', '2', b'0', b'0', b'0', b'0', 17, 4, 0, 0, 0, 250),
(54, 'Yundt-Ryan', 3, 8, '', '440-737-9546', 'sbendingx@1688.com', '7040 John Wall Circle', '35', b'1', b'1', b'1', b'0', 14, 2, 0, 0, 0, 250),
(55, 'Dicki and Sons', 2, 19, '', '419-365-6382', 'ndelacotey@engadget.com', '46071 Tennessee Way', '41783', b'1', b'1', b'0', b'1', 4, 16, 0, 0, 0, 250),
(56, 'Durgan-Bayer', 2, 11, '', '394-294-1679', 'pbrutonz@netvibes.com', '51 Elmside Road', '67', b'0', b'1', b'0', b'0', 5, 0, 0, 0, 0, 250),
(57, 'Funk, Lesch and Wiso', 4, 9, '', '434-941-5892', 'fjaniszewski10@oracle.com', '631 Debra Plaza', '67', b'1', b'0', b'0', b'1', 1, 2, 0, 0, 0, 250),
(58, 'Upton-Hegmann', 3, 18, '', '400-164-1796', 'mtremlett11@state.tx.us', '5 Ramsey Point', '15481', b'0', b'0', b'1', b'1', 6, 2, 0, 0, 0, 250),
(59, 'Pfeffer Group', 4, 1, '', '587-321-0660', 'kwerner12@fc2.com', '04 Canary Alley', '20', b'1', b'1', b'0', b'1', 15, 17, 0, 0, 0, 250),
(60, 'Lueilwitz-Davis', 3, 6, '', '198-724-6947', 'ybotton13@europa.eu', '95571 Northview Hill', '6', b'1', b'0', b'1', b'0', 10, 6, 0, 0, 0, 250),
(61, 'Feest, Ullrich and L', 3, 3, '', '976-896-9474', 'beaslea14@time.com', '52035 Mitchell Park', '5', b'1', b'1', b'0', b'1', 2, 5, 0, 0, 0, 250),
(62, 'Wisozk, Bergstrom an', 3, 9, '', '933-409-8997', 'lblasiak15@un.org', '6 Lighthouse Bay Circle', '07737', b'0', b'1', b'1', b'0', 14, 3, 0, 0, 0, 250),
(63, 'Nader LLC', 2, 6, '', '251-498-8370', 'ajewkes16@harvard.edu', '2958 Randy Park', '96802', b'1', b'1', b'0', b'1', 4, 20, 0, 0, 0, 250),
(64, 'Kiehn Inc', 1, 15, '', '261-800-0289', 'wwoloschinski17@cafepress.com', '4 Meadow Vale Terrace', '6', b'1', b'0', b'0', b'1', 13, 10, 0, 0, 0, 250),
(65, 'Rodriguez-Pouros', 1, 16, '', '348-317-3651', 'nhamments18@globo.com', '80281 Bartillon Terrace', '2', b'1', b'1', b'0', b'1', 15, 10, 0, 0, 0, 250),
(66, 'Rosenbaum, Romaguera', 5, 5, '', '851-220-8556', 'nphizackerly19@statcounter.com', '7 Delaware Terrace', '170', b'1', b'1', b'0', b'0', 16, 7, 0, 0, 0, 250),
(67, 'Abbott-Moen', 1, 3, '', '762-803-3013', 'mbursell1a@state.tx.us', '085 Ronald Regan Way', '9225', b'0', b'1', b'1', b'0', 3, 10, 0, 0, 0, 250),
(68, 'Haley-Wyman', 4, 8, '', '650-476-0788', 'tcrippin1b@gmpg.org', '69 Di Loreto Circle', '94695', b'1', b'1', b'0', b'0', 15, 7, 0, 0, 0, 250),
(69, 'Roob and Sons', 4, 19, '', '426-614-8492', 'cmcelory1c@reverbnation.com', '01843 Anhalt Center', '7', b'0', b'1', b'1', b'1', 6, 16, 0, 0, 0, 250),
(70, 'Ebert-Balistreri', 4, 19, '', '197-235-9764', 'bcoulsen1d@nifty.com', '245 Mcbride Circle', '760', b'0', b'0', b'1', b'1', 16, 6, 0, 0, 0, 250),
(71, 'Legros-Lang', 2, 2, '', '110-765-7647', 'cdriussi1e@parallels.com', '89 Montana Junction', '4', b'0', b'1', b'0', b'0', 20, 0, 0, 0, 0, 250),
(72, 'Heathcote, Green and', 5, 4, '', '834-385-9388', 'ibarden1f@amazonaws.com', '8 Harbort Crossing', '78', b'0', b'0', b'1', b'1', 1, 20, 0, 0, 0, 250),
(73, 'Terry Inc', 4, 16, '', '724-382-6496', 'emclice1g@godaddy.com', '702 Garrison Street', '8', b'0', b'1', b'0', b'0', 20, 20, 0, 0, 0, 250),
(74, 'Batz LLC', 2, 6, '', '377-916-3054', 'ccoutts1h@disqus.com', '10960 Hayes Park', '127', b'0', b'0', b'0', b'0', 20, 20, 0, 0, 0, 250),
(75, 'Reichel, Kassulke an', 2, 15, '', '479-333-2727', 'mgoldup1i@cornell.edu', '51 Onsgard Point', '68', b'0', b'1', b'0', b'0', 3, 8, 0, 0, 0, 250),
(76, 'Stroman, Gulgowski a', 3, 13, '', '292-365-1006', 'vsandal1j@usnews.com', '2 Morrow Circle', '89399', b'0', b'1', b'1', b'0', 9, 14, 0, 0, 0, 250),
(77, 'Jerde Inc', 2, 20, '', '158-429-3571', 'tmacpike1k@topsy.com', '5837 Novick Terrace', '00586', b'0', b'0', b'0', b'0', 14, 1, 0, 0, 0, 250),
(78, 'Cormier Inc', 4, 16, '', '101-536-4679', 'plowndesbrough1l@mit.edu', '6 Crownhardt Place', '93', b'0', b'1', b'1', b'1', 0, 0, 0, 0, 0, 250),
(79, 'Smith-Fahey', 5, 1, '', '964-662-0982', 'jveltman1m@tiny.cc', '5 Grasskamp Park', '8', b'0', b'0', b'1', b'0', 8, 15, 0, 0, 0, 250),
(80, 'Borer-Gleichner', 5, 12, '', '683-498-4893', 'ngreenhaugh1n@google.com.br', '8 Talmadge Avenue', '574', b'1', b'1', b'0', b'0', 7, 5, 0, 0, 0, 250),
(81, 'Reilly, Senger and S', 3, 15, '', '868-370-9803', 'lfogel1o@businessinsider.com', '0738 Helena Drive', '2937', b'0', b'0', b'0', b'1', 3, 1, 0, 0, 0, 250),
(82, 'Blanda-Romaguera', 2, 8, '', '681-922-0539', 'jballe1p@gov.uk', '99438 Northfield Hill', '36695', b'1', b'0', b'1', b'0', 14, 2, 0, 0, 0, 250),
(83, 'Schaefer LLC', 1, 3, '', '669-114-8413', 'ohornig1q@over-blog.com', '9 Del Mar Pass', '9', b'0', b'1', b'1', b'0', 0, 5, 0, 0, 0, 250),
(84, 'Miller-Larson', 3, 6, '', '593-663-4827', 'mkienle1r@umich.edu', '317 Waubesa Lane', '37', b'0', b'1', b'1', b'0', 15, 11, 0, 0, 0, 250),
(85, 'Flatley, Roob and Wa', 5, 3, '', '423-717-5645', 'dlea1s@hhs.gov', '607 Rusk Trail', '84965', b'0', b'0', b'0', b'0', 9, 16, 0, 0, 0, 250),
(86, 'Beier Inc', 4, 4, '', '694-247-1090', 'awarrior1t@diigo.com', '17230 Russell Crossing', '2615', b'1', b'0', b'0', b'1', 3, 8, 0, 0, 0, 250),
(87, 'Reichel-Orn', 2, 6, '', '660-337-8933', 'jmccane1u@hc360.com', '6860 Havey Circle', '7592', b'1', b'1', b'1', b'1', 13, 9, 0, 0, 0, 250),
(88, 'Terry, Collier and R', 1, 8, '', '310-201-6325', 'fyegorkin1v@wikimedia.org', '7 Spohn Lane', '8', b'0', b'1', b'1', b'0', 18, 10, 0, 0, 0, 250),
(89, 'Rowe Group', 4, 18, '', '479-272-0581', 'pfaloon1w@paginegialle.it', '762 Merchant Lane', '63', b'0', b'1', b'1', b'0', 18, 7, 0, 0, 0, 250),
(90, 'Jenkins-Strosin', 5, 16, '', '443-263-4773', 'cjahnisch1x@list-manage.com', '7 Troy Trail', '1', b'1', b'0', b'1', b'1', 11, 13, 0, 0, 0, 250),
(91, 'Rath Inc', 5, 19, '', '440-911-0528', 'jheinish1y@youtu.be', '3031 Express Lane', '450', b'0', b'0', b'1', b'0', 10, 6, 0, 0, 0, 250),
(92, 'Cruickshank-Tremblay', 5, 17, '', '990-399-7163', 'lflaxman1z@blinklist.com', '82 Portage Plaza', '52', b'1', b'0', b'0', b'1', 8, 18, 0, 0, 0, 250),
(93, 'Marvin-Hermann', 3, 19, '', '897-458-3113', 'igawthrop20@mozilla.com', '08 Merrick Parkway', '0', b'1', b'0', b'0', b'1', 20, 5, 0, 0, 0, 250),
(94, 'O\'Keefe Inc', 4, 6, '', '801-789-1205', 'rtunnick21@stumbleupon.com', '964 Portage Center', '27', b'0', b'1', b'0', b'1', 17, 10, 0, 0, 0, 250),
(95, 'Price, Williamson an', 5, 19, '', '202-559-0273', 'lvivien22@pagesperso-orange.fr', '6 Ryan Trail', '37171', b'0', b'1', b'0', b'0', 17, 9, 0, 0, 0, 250),
(96, 'Kuhlman LLC', 5, 2, '', '716-746-6154', 'pspriggin23@comcast.net', '37510 Bartelt Crossing', '77763', b'0', b'1', b'1', b'1', 1, 8, 0, 0, 0, 250),
(97, 'Hills and Sons', 2, 8, '', '110-753-3989', 'rdow24@google.com', '9449 Glendale Plaza', '01912', b'1', b'1', b'0', b'0', 14, 11, 0, 0, 0, 250),
(98, 'Schultz, Muller and ', 4, 1, '', '448-990-9577', 'rjancey25@icq.com', '5 Bonner Center', '258', b'0', b'0', b'0', b'0', 7, 6, 0, 0, 0, 250),
(99, 'Schulist-Purdy', 1, 9, '', '831-866-5244', 'bdailly26@nba.com', '70160 Commercial Lane', '69', b'1', b'1', b'0', b'1', 11, 15, 0, 0, 0, 250),
(100, 'Dicki, Boyle and Hir', 3, 9, '', '605-867-9811', 'gramel27@trellian.com', '3044 Hazelcrest Street', '844', b'1', b'0', b'0', b'1', 14, 6, 0, 0, 0, 250),
(110, 'DEVHHOTEL', 4, 30, '', '172-779-2015', 'TESTHOTEL@TESTHOTEL.com', '1337th', '1337', b'1', b'1', b'1', b'0', 5, 13, 0, 0, 0, 1);

-- --------------------------------------------------------

--
-- Tabellstruktur `reviews`
--

CREATE TABLE `reviews` (
  `id` int(11) UNSIGNED NOT NULL,
  `rating` int(11) UNSIGNED NOT NULL,
  `comment` varchar(255) NOT NULL,
  `booking_id` int(11) UNSIGNED NOT NULL
) ENGINE=InnoDB DEFAULT CHARSET=utf8mb4;

--
-- Dumpning av Data i tabell `reviews`
--

INSERT INTO `reviews` (`id`, `rating`, `comment`, `booking_id`) VALUES
(1, 1, 'good hotel :)', 1),
(2, 1, 'Bad hotel :)', 2),
(3, 3, 'Jag gillar ost', 3),
(4, 4, 'bra arbetat!', 4),
(5, 2, 'dålig service', 5),
(6, 3, 'quo voluptas nulla pariatur', 6),
(7, 4, 'nulla pariatur', 7),
(8, 1, 'quo voluptas', 8),
(9, 2, 'voluptas nulla', 9),
(10, 4, 'nulla quo', 10),
(11, 3, 'voluptas nice', 11),
(12, 5, 'nicevoluptas', 12),
(13, 1, 'nivoluptasce', 13),
(14, 2, 'npariaturice', 14),
(15, 4, 'nipariaturce', 15),
(16, 3, 'nipariatuturce', 16),
(17, 1, 'ariatu', 17),
(18, 3, 'nquo voluice', 18),
(19, 2, 'niquo voluce', 19),
(20, 4, 'niquice', 20),
(31, 2, '', 37);

-- --------------------------------------------------------

--
-- Tabellstruktur `rooms`
--

CREATE TABLE `rooms` (
  `id` int(11) UNSIGNED NOT NULL,
  `room_type_id` int(11) UNSIGNED NOT NULL,
  `rooms_number` int(11) UNSIGNED NOT NULL
) ENGINE=InnoDB DEFAULT CHARSET=utf8mb4;

--
-- Dumpning av Data i tabell `rooms`
--

INSERT INTO `rooms` (`id`, `room_type_id`, `rooms_number`) VALUES
(1, 1, 1),
(2, 2, 2),
(3, 14, 2),
(4, 22, 2),
(5, 5, 1),
(6, 6, 2),
(7, 19, 1),
(8, 8, 4),
(9, 9, 3),
(10, 11, 1),
(11, 13, 2),
(12, 17, 4),
(13, 18, 3),
(14, 14, 2),
(16, 21, 2),
(17, 22, 1),
(18, 24, 1),
(19, 32, 2),
(20, 35, 1),
(21, 53, 1),
(22, 17, 2),
(23, 46, 1),
(24, 24, 1),
(25, 2, 2),
(26, 42, 1),
(27, 53, 1),
(28, 44, 2),
(29, 10, 2),
(30, 53, 1),
(31, 30, 1),
(32, 33, 1),
(33, 16, 1),
(34, 13, 2),
(35, 26, 2),
(36, 30, 1),
(37, 23, 1),
(38, 15, 1),
(39, 50, 2),
(40, 49, 2),
(41, 48, 2),
(42, 44, 2),
(43, 25, 1),
(44, 29, 1),
(45, 14, 1),
(46, 2, 2),
(47, 33, 1),
(48, 44, 2),
(49, 15, 1),
(50, 41, 1),
(51, 39, 1),
(52, 49, 1),
(53, 4, 2),
(54, 34, 1),
(55, 41, 2),
(56, 4, 1),
(57, 58, 1),
(58, 49, 2),
(59, 45, 1),
(60, 60, 2),
(62, 10, 2),
(63, 25, 2),
(64, 2, 1),
(65, 36, 2),
(66, 12, 2),
(67, 33, 2),
(68, 17, 2),
(70, 41, 2),
(71, 27, 1),
(72, 52, 1),
(73, 4, 1),
(74, 47, 2),
(75, 6, 2),
(76, 4, 1),
(77, 25, 2),
(78, 7, 1),
(79, 10, 2),
(80, 47, 1),
(81, 60, 1),
(82, 48, 2),
(83, 17, 2),
(84, 24, 2),
(85, 43, 1),
(86, 41, 1),
(87, 52, 2),
(88, 58, 1),
(89, 23, 1),
(90, 22, 2),
(91, 5, 2),
(92, 23, 2),
(93, 18, 1),
(94, 1, 1),
(95, 33, 2),
(96, 2, 2),
(97, 17, 1),
(98, 38, 1),
(99, 16, 1),
(100, 33, 2),
(101, 46, 2),
(102, 45, 1),
(103, 58, 1),
(104, 30, 2),
(105, 1, 2),
(106, 50, 1),
(107, 4, 1),
(108, 53, 2),
(109, 58, 2),
(110, 17, 1),
(111, 42, 1),
(112, 24, 1),
(113, 21, 2),
(114, 39, 1),
(115, 48, 2),
(116, 33, 2),
(117, 8, 2),
(118, 16, 2),
(119, 30, 2),
(120, 57, 2),
(121, 32, 2),
(122, 44, 1),
(123, 25, 1),
(124, 29, 1),
(125, 1, 1),
(126, 8, 1),
(127, 59, 2),
(128, 9, 1),
(129, 48, 2),
(130, 35, 2),
(131, 37, 1),
(132, 24, 1),
(133, 1, 2),
(134, 59, 2),
(135, 14, 2),
(136, 12, 1),
(137, 9, 2),
(138, 17, 1),
(139, 15, 1),
(140, 8, 2),
(141, 6, 1),
(142, 52, 2),
(143, 27, 2),
(144, 22, 1),
(145, 18, 1),
(146, 58, 1),
(147, 56, 1),
(148, 11, 2),
(149, 37, 2),
(150, 31, 1),
(151, 36, 2),
(152, 11, 1),
(153, 13, 1),
(154, 57, 2),
(155, 11, 2),
(156, 33, 1),
(157, 41, 1),
(158, 9, 2),
(159, 60, 2),
(160, 54, 1),
(161, 28, 2),
(162, 35, 2),
(163, 45, 1),
(164, 45, 1),
(165, 36, 1),
(166, 2, 2),
(167, 33, 1),
(168, 17, 2),
(169, 38, 1),
(170, 50, 1),
(171, 11, 2),
(172, 18, 2),
(173, 9, 1),
(174, 56, 1),
(175, 12, 2),
(176, 41, 1),
(177, 16, 1),
(178, 22, 2),
(179, 6, 2),
(180, 53, 2),
(181, 52, 1),
(182, 24, 2),
(183, 36, 2),
(184, 60, 2),
(185, 45, 2),
(186, 59, 2),
(187, 15, 2),
(188, 9, 2),
(189, 59, 1),
(190, 7, 1),
(191, 4, 2),
(192, 2, 1),
(193, 26, 1),
(194, 28, 1),
(195, 4, 2),
(196, 34, 2),
(197, 42, 2),
(198, 17, 1),
(199, 33, 1),
(200, 4, 2),
(201, 4, 2),
(202, 38, 2),
(203, 24, 1),
(204, 58, 2),
(205, 33, 2),
(206, 38, 1),
(207, 34, 2),
(208, 29, 1),
(209, 31, 1),
(210, 42, 2),
(211, 17, 2),
(212, 27, 2),
(213, 55, 1),
(214, 10, 1),
(215, 26, 2),
(216, 5, 2),
(217, 46, 1),
(218, 55, 1),
(219, 3, 1),
(220, 23, 1),
(221, 3, 1),
(222, 48, 2),
(223, 37, 2),
(224, 27, 2),
(225, 36, 1),
(226, 8, 2),
(227, 17, 2),
(228, 60, 2),
(229, 33, 2),
(230, 43, 2),
(231, 54, 2),
(232, 38, 1),
(233, 49, 1),
(234, 19, 1),
(235, 9, 1),
(236, 10, 1),
(237, 54, 2),
(238, 21, 2),
(239, 25, 1),
(240, 26, 1),
(241, 58, 2),
(242, 28, 2),
(243, 59, 1),
(244, 25, 1),
(245, 59, 2),
(246, 10, 2),
(247, 13, 1),
(248, 4, 1),
(249, 1, 2),
(250, 18, 1),
(251, 47, 2),
(252, 16, 2),
(253, 6, 1),
(254, 3, 1),
(255, 43, 2),
(256, 18, 1),
(257, 14, 2),
(258, 1, 1),
(259, 8, 2),
(260, 8, 2),
(261, 56, 1),
(262, 32, 1),
(263, 9, 1),
(264, 46, 2),
(266, 60, 1),
(267, 32, 2),
(268, 37, 2),
(269, 7, 1),
(271, 21, 1),
(272, 27, 1),
(273, 34, 2),
(274, 25, 2),
(275, 33, 1),
(276, 39, 1),
(277, 37, 2),
(278, 26, 1),
(279, 44, 2),
(281, 30, 2),
(282, 21, 2),
(283, 33, 1),
(284, 37, 2),
(285, 21, 2),
(286, 3, 2),
(287, 17, 1),
(288, 39, 2),
(289, 5, 1),
(290, 14, 1),
(291, 55, 1),
(292, 16, 2),
(293, 11, 2),
(294, 18, 2),
(295, 9, 1),
(296, 11, 1),
(297, 59, 1),
(298, 3, 2),
(299, 57, 2),
(300, 38, 2),
(301, 42, 2),
(302, 25, 2),
(303, 35, 1),
(304, 27, 1),
(305, 9, 2),
(306, 9, 2),
(307, 21, 1),
(308, 21, 2),
(309, 44, 1),
(310, 23, 2),
(311, 38, 2),
(312, 7, 1),
(313, 29, 2),
(314, 5, 1),
(315, 32, 2),
(316, 21, 1),
(317, 10, 2),
(318, 28, 1),
(319, 3, 2),
(320, 35, 1),
(321, 24, 1),
(322, 18, 1),
(323, 48, 1),
(324, 29, 1),
(325, 35, 2),
(326, 16, 2),
(327, 33, 1),
(328, 18, 1),
(329, 39, 1),
(330, 47, 2),
(331, 38, 2),
(333, 21, 2),
(334, 53, 1),
(335, 24, 2),
(336, 27, 1),
(337, 18, 1),
(338, 25, 1),
(339, 28, 1),
(340, 8, 1),
(341, 30, 1),
(342, 41, 2),
(343, 27, 2),
(344, 21, 2),
(345, 44, 2),
(346, 13, 2),
(347, 60, 1),
(348, 14, 1),
(349, 12, 2),
(350, 13, 1),
(351, 33, 2),
(352, 27, 1),
(353, 29, 1),
(354, 53, 1),
(355, 30, 2),
(356, 1, 1),
(358, 34, 1),
(359, 34, 2),
(360, 3, 1),
(361, 41, 1),
(362, 4, 2),
(363, 52, 1),
(364, 22, 2),
(365, 35, 2),
(366, 1, 2),
(367, 16, 2),
(368, 59, 2),
(369, 11, 1),
(370, 23, 2),
(371, 11, 1),
(372, 55, 1),
(373, 43, 2),
(374, 52, 2),
(375, 9, 2),
(376, 8, 2),
(377, 16, 2),
(379, 45, 2),
(380, 28, 1),
(381, 58, 2),
(382, 4, 2),
(383, 23, 2),
(384, 35, 1),
(385, 27, 2),
(386, 11, 2),
(387, 39, 1),
(388, 25, 2),
(389, 43, 1),
(390, 30, 2),
(391, 21, 2),
(392, 53, 2),
(393, 4, 1),
(394, 26, 1),
(395, 23, 2),
(396, 54, 2),
(397, 36, 1),
(398, 60, 1),
(399, 35, 1),
(400, 34, 1),
(401, 58, 2),
(402, 1, 2),
(403, 46, 2),
(404, 19, 2),
(405, 22, 1),
(406, 59, 2),
(407, 25, 1),
(408, 7, 1),
(409, 45, 2),
(410, 24, 2),
(411, 41, 2),
(412, 9, 1),
(413, 54, 2),
(414, 4, 2),
(415, 45, 2),
(416, 2, 1),
(417, 21, 1),
(418, 5, 2),
(419, 52, 2),
(420, 43, 1),
(421, 3, 2),
(422, 57, 2),
(423, 31, 1),
(424, 16, 1),
(425, 39, 1),
(426, 4, 1),
(427, 47, 1),
(428, 12, 2),
(429, 44, 2),
(430, 52, 1),
(431, 36, 1),
(432, 4, 1),
(433, 48, 2),
(434, 56, 1),
(435, 12, 1),
(436, 41, 1),
(437, 9, 2),
(438, 36, 2),
(439, 28, 1),
(440, 44, 2),
(441, 33, 2),
(442, 26, 1),
(443, 4, 2),
(444, 45, 2),
(445, 33, 1),
(446, 18, 1),
(447, 1, 2),
(448, 39, 1),
(449, 7, 2),
(450, 60, 2),
(451, 50, 1),
(452, 25, 1),
(453, 49, 2),
(454, 55, 1),
(456, 37, 2),
(457, 51, 1),
(458, 4, 2),
(459, 25, 1),
(460, 14, 2),
(461, 22, 1),
(462, 23, 1),
(463, 34, 2),
(464, 8, 1),
(465, 45, 1),
(466, 19, 2),
(467, 52, 1),
(468, 54, 1),
(469, 1, 2),
(470, 42, 2),
(471, 51, 2),
(473, 27, 2),
(474, 23, 1),
(475, 27, 2),
(476, 17, 1),
(477, 35, 1),
(478, 36, 2),
(479, 3, 1),
(480, 19, 2),
(481, 38, 2),
(482, 57, 1),
(483, 31, 2),
(484, 11, 1),
(485, 44, 1),
(486, 49, 2),
(488, 21, 1),
(489, 33, 1),
(490, 7, 2),
(491, 5, 1),
(492, 2, 2),
(493, 55, 1),
(494, 8, 1),
(495, 44, 1),
(497, 12, 2),
(498, 54, 1),
(499, 39, 2),
(500, 46, 2),
(501, 57, 2),
(502, 50, 2),
(503, 19, 1),
(504, 30, 2),
(505, 2, 2),
(506, 4, 2),
(507, 38, 2),
(508, 27, 2),
(509, 58, 1),
(510, 57, 1),
(511, 7, 1),
(512, 32, 2),
(513, 30, 1),
(514, 43, 1),
(515, 59, 2),
(516, 53, 2),
(517, 9, 2),
(518, 29, 2),
(519, 31, 2),
(520, 5, 2),
(521, 34, 1),
(522, 41, 2),
(523, 55, 2),
(524, 19, 1),
(525, 31, 2),
(526, 29, 1),
(527, 8, 2),
(529, 60, 1),
(530, 25, 1),
(531, 16, 2),
(532, 27, 1),
(533, 46, 1),
(534, 43, 1),
(535, 22, 1),
(536, 17, 2),
(537, 50, 2),
(538, 37, 2),
(539, 60, 2),
(540, 45, 1),
(541, 18, 1),
(542, 26, 1),
(543, 24, 2),
(544, 28, 1),
(545, 46, 2),
(546, 39, 1),
(547, 49, 2),
(548, 11, 1),
(549, 54, 1),
(550, 53, 1),
(551, 42, 2),
(552, 25, 1),
(553, 16, 1),
(554, 52, 1),
(555, 5, 1),
(556, 2, 1),
(557, 59, 2),
(558, 50, 2),
(559, 19, 2),
(560, 50, 2),
(561, 9, 1),
(562, 45, 1),
(563, 29, 1),
(564, 4, 2),
(565, 10, 2),
(566, 13, 1),
(567, 36, 1),
(568, 38, 1),
(569, 33, 1),
(570, 9, 2),
(571, 54, 1),
(572, 45, 2),
(573, 19, 2),
(574, 2, 1),
(575, 56, 1),
(576, 60, 2),
(577, 11, 2),
(578, 7, 1),
(579, 38, 1),
(580, 23, 2),
(581, 9, 1),
(582, 26, 2),
(584, 2, 2),
(585, 59, 1),
(586, 52, 2),
(587, 48, 2),
(588, 13, 1),
(589, 42, 2),
(590, 35, 1),
(591, 49, 2),
(592, 3, 2),
(593, 57, 1),
(594, 49, 1),
(595, 46, 1),
(596, 1, 1),
(597, 46, 1),
(598, 56, 2),
(599, 26, 1),
(601, 55, 2),
(603, 27, 2),
(604, 26, 1),
(605, 41, 2),
(606, 15, 1),
(607, 60, 2),
(608, 50, 1),
(609, 13, 2),
(610, 31, 2),
(611, 9, 1),
(612, 42, 1),
(613, 28, 1),
(614, 14, 1),
(615, 28, 1),
(616, 14, 2),
(617, 42, 2),
(618, 25, 1),
(619, 32, 2),
(620, 43, 2),
(621, 47, 2),
(622, 55, 1),
(623, 21, 2),
(624, 24, 1),
(625, 56, 2),
(626, 29, 1),
(627, 60, 2),
(628, 51, 2),
(629, 5, 1),
(630, 34, 1),
(632, 32, 2),
(633, 48, 2),
(635, 26, 1),
(637, 28, 1),
(638, 8, 2),
(639, 55, 1),
(640, 45, 2),
(641, 10, 2),
(642, 49, 2),
(643, 18, 2),
(644, 10, 1),
(645, 10, 2),
(647, 19, 2),
(648, 8, 2),
(649, 59, 1),
(650, 24, 1),
(651, 24, 1),
(652, 17, 2),
(653, 18, 2),
(654, 3, 1),
(655, 22, 2),
(656, 56, 2),
(658, 6, 1),
(659, 48, 1),
(660, 24, 2),
(661, 3, 1),
(662, 55, 2),
(663, 4, 1),
(664, 44, 1),
(665, 24, 1),
(666, 10, 2),
(667, 52, 1),
(668, 18, 2),
(669, 6, 2),
(671, 50, 1),
(674, 53, 2),
(675, 23, 1),
(676, 11, 1),
(677, 17, 1),
(678, 43, 2),
(679, 44, 1),
(680, 19, 1),
(681, 32, 2),
(682, 21, 1),
(683, 12, 1),
(684, 34, 1),
(685, 56, 2),
(686, 16, 2),
(687, 34, 1),
(688, 58, 2),
(689, 12, 1),
(690, 57, 1),
(691, 7, 2),
(692, 30, 2),
(694, 6, 1),
(695, 25, 2),
(696, 10, 1),
(697, 59, 2),
(698, 55, 1),
(699, 3, 2),
(700, 6, 1),
(701, 56, 1),
(702, 15, 2),
(704, 7, 2),
(705, 16, 2),
(706, 59, 2),
(707, 12, 1),
(708, 14, 1),
(709, 24, 1),
(710, 55, 1),
(711, 22, 2),
(712, 49, 2),
(713, 16, 2),
(714, 39, 1),
(716, 54, 1),
(717, 59, 2),
(718, 12, 1),
(719, 49, 2),
(720, 55, 1),
(721, 59, 1),
(722, 5, 1),
(723, 4, 2),
(724, 50, 2),
(725, 7, 1),
(726, 38, 2),
(727, 50, 1),
(728, 38, 2),
(729, 48, 2),
(730, 41, 1),
(731, 31, 1),
(732, 45, 2),
(733, 18, 1),
(734, 19, 2),
(735, 16, 1),
(736, 58, 2),
(737, 56, 2),
(738, 49, 1),
(739, 55, 1),
(740, 1, 2),
(741, 1, 1),
(742, 32, 2),
(743, 11, 2),
(744, 24, 2),
(745, 50, 2),
(746, 34, 1),
(747, 17, 1),
(748, 24, 2),
(749, 22, 1),
(750, 1, 1),
(751, 31, 1),
(752, 22, 2),
(753, 10, 1),
(754, 16, 2),
(755, 28, 2),
(756, 43, 1),
(757, 49, 2),
(758, 25, 1),
(759, 30, 2),
(760, 43, 1),
(761, 29, 1),
(762, 41, 1),
(763, 17, 1),
(764, 41, 2),
(765, 54, 2),
(766, 58, 2),
(767, 42, 1),
(768, 8, 1),
(769, 46, 2),
(770, 28, 2),
(771, 35, 2),
(772, 16, 2),
(773, 55, 2),
(774, 3, 1),
(775, 13, 1),
(776, 23, 2),
(777, 5, 1),
(778, 39, 2),
(779, 56, 1),
(780, 50, 1),
(782, 15, 1),
(783, 51, 1),
(784, 58, 1),
(785, 27, 1),
(786, 28, 2),
(787, 16, 1),
(788, 32, 2),
(789, 52, 2),
(790, 49, 2),
(791, 36, 2),
(793, 30, 2),
(794, 48, 1),
(795, 51, 1),
(796, 45, 1),
(797, 45, 2),
(798, 38, 1),
(799, 6, 1),
(800, 9, 1),
(801, 46, 2),
(802, 36, 1),
(803, 35, 1),
(804, 5, 1),
(806, 27, 1),
(807, 55, 1),
(808, 46, 1),
(809, 2, 2),
(810, 44, 2),
(811, 34, 2),
(812, 54, 1),
(813, 15, 2),
(814, 32, 2),
(815, 41, 1),
(816, 19, 2),
(817, 5, 1),
(819, 7, 2),
(820, 10, 1),
(821, 1, 1),
(822, 24, 2),
(823, 33, 2),
(824, 26, 1),
(825, 5, 2),
(826, 60, 1),
(827, 53, 1),
(828, 35, 2),
(829, 56, 1),
(830, 33, 2),
(831, 31, 1),
(832, 27, 2),
(833, 48, 1),
(834, 46, 1),
(835, 4, 1),
(836, 10, 1),
(837, 38, 1),
(838, 33, 1),
(839, 38, 2),
(840, 27, 1),
(841, 19, 1),
(842, 6, 2),
(843, 39, 2),
(844, 17, 2),
(845, 27, 1),
(846, 8, 1),
(847, 3, 1),
(848, 15, 2),
(849, 19, 2),
(850, 45, 2),
(851, 19, 2),
(852, 9, 1),
(853, 59, 1),
(854, 38, 2),
(855, 31, 2),
(857, 57, 2),
(858, 27, 2),
(859, 41, 1),
(860, 48, 1),
(861, 14, 1),
(862, 7, 2),
(863, 58, 2),
(864, 14, 2),
(865, 47, 1),
(866, 28, 2),
(867, 33, 2),
(868, 36, 1),
(869, 19, 2),
(870, 39, 2),
(871, 58, 1),
(872, 26, 1),
(873, 55, 1),
(874, 50, 2),
(876, 42, 1),
(877, 34, 2),
(878, 10, 1),
(879, 50, 2),
(880, 33, 1),
(881, 30, 2),
(882, 3, 1),
(883, 47, 2),
(884, 44, 1),
(885, 56, 1),
(886, 34, 1),
(887, 31, 1),
(888, 31, 2),
(889, 58, 2),
(890, 13, 2),
(891, 14, 2),
(892, 12, 2),
(893, 8, 1),
(894, 28, 2),
(895, 33, 1),
(896, 45, 1),
(897, 4, 1),
(898, 51, 1),
(899, 41, 2),
(900, 46, 1),
(901, 14, 2),
(902, 48, 1),
(903, 6, 1),
(904, 48, 1),
(905, 5, 2),
(906, 30, 2),
(907, 17, 2),
(908, 25, 2),
(909, 41, 1),
(910, 54, 1),
(911, 4, 2),
(912, 47, 2),
(913, 36, 1),
(914, 24, 2),
(915, 38, 2),
(916, 52, 2),
(917, 21, 1),
(918, 23, 1),
(919, 22, 1),
(920, 14, 1),
(921, 59, 2),
(922, 13, 1),
(923, 28, 1),
(924, 55, 2),
(925, 13, 2),
(926, 33, 2),
(927, 37, 1),
(928, 36, 2),
(929, 53, 1),
(930, 53, 2),
(931, 46, 1),
(932, 51, 1),
(933, 8, 2),
(934, 22, 1),
(935, 44, 1),
(936, 17, 2),
(937, 44, 2),
(938, 13, 1),
(939, 28, 2),
(940, 3, 2),
(941, 30, 1),
(942, 54, 1),
(943, 57, 1),
(944, 15, 1),
(945, 32, 2),
(946, 56, 1),
(947, 1, 2),
(948, 32, 2),
(949, 47, 2),
(950, 45, 1),
(951, 29, 2),
(952, 26, 1),
(954, 30, 2),
(955, 19, 2),
(956, 49, 2),
(957, 26, 1),
(958, 24, 2),
(959, 58, 2),
(960, 15, 2),
(961, 56, 1),
(962, 28, 1),
(963, 5, 2),
(964, 32, 1),
(965, 50, 2),
(966, 53, 1),
(967, 4, 2),
(968, 5, 1),
(969, 46, 1),
(970, 17, 2),
(972, 37, 1),
(973, 2, 1),
(974, 7, 2),
(975, 17, 1),
(976, 2, 2),
(977, 25, 1),
(978, 26, 2),
(980, 30, 2),
(981, 27, 2),
(982, 1, 2),
(983, 57, 2),
(984, 6, 1),
(985, 52, 1),
(986, 43, 2),
(987, 11, 1),
(988, 5, 2),
(989, 51, 2),
(990, 36, 2),
(991, 23, 2),
(992, 48, 1),
(993, 33, 2),
(994, 45, 1),
(995, 46, 1),
(996, 37, 2),
(997, 49, 2),
(998, 14, 1),
(999, 4, 2),
(1000, 33, 2),
(1002, 201, 343),
(1003, 23, 396),
(1004, 226, 298),
(1006, 157, 947),
(1007, 48, 39),
(1008, 165, 63),
(1009, 33, 548),
(1010, 146, 299),
(1011, 284, 253),
(1012, 264, 213),
(1013, 244, 485),
(1015, 258, 411),
(1016, 170, 453),
(1017, 210, 978),
(1018, 179, 380),
(1019, 200, 206),
(1020, 291, 617),
(1022, 234, 516),
(1023, 293, 155),
(1026, 194, 156),
(1027, 90, 287),
(1028, 24, 257),
(1029, 236, 665),
(1031, 100, 866),
(1032, 125, 136),
(1033, 91, 534),
(1035, 228, 312),
(1036, 133, 168),
(1037, 281, 816),
(1038, 298, 842),
(1039, 274, 59),
(1040, 136, 652),
(1041, 171, 343),
(1044, 206, 895),
(1045, 206, 532),
(1046, 297, 723),
(1047, 289, 79),
(1048, 201, 902),
(1049, 131, 746),
(1050, 215, 925),
(1052, 289, 196),
(1055, 215, 83),
(1057, 249, 255),
(1058, 30, 972),
(1059, 239, 125),
(1060, 119, 687),
(1061, 116, 864),
(1063, 217, 831),
(1064, 56, 861),
(1065, 108, 838),
(1066, 92, 777),
(1067, 203, 300),
(1068, 273, 410),
(1070, 214, 793),
(1071, 281, 842),
(1073, 269, 13),
(1074, 57, 925),
(1077, 120, 443),
(1078, 54, 99),
(1079, 263, 788),
(1080, 270, 784),
(1081, 87, 988),
(1083, 224, 702),
(1084, 147, 81),
(1085, 66, 430),
(1086, 98, 666),
(1087, 133, 910),
(1088, 163, 594),
(1089, 77, 848),
(1090, 36, 318),
(1091, 232, 536),
(1092, 200, 699),
(1093, 172, 959),
(1094, 143, 729),
(1095, 74, 102),
(1096, 59, 45),
(1097, 265, 828),
(1099, 78, 521),
(1101, 150, 995),
(1102, 273, 155),
(1103, 106, 50),
(1104, 252, 313),
(1105, 294, 817),
(1106, 127, 506),
(1107, 36, 664),
(1108, 150, 346),
(1109, 264, 611),
(1111, 30, 957),
(1112, 109, 104),
(1113, 210, 504),
(1114, 204, 500),
(1116, 253, 960),
(1117, 33, 894),
(1118, 126, 805),
(1119, 234, 48),
(1120, 127, 822),
(1121, 197, 46),
(1122, 77, 454),
(1123, 206, 376),
(1124, 49, 832),
(1126, 81, 899),
(1127, 59, 805),
(1129, 49, 221),
(1130, 148, 791),
(1131, 233, 749),
(1133, 42, 97),
(1134, 281, 420),
(1135, 53, 987),
(1136, 162, 531),
(1137, 158, 809),
(1138, 28, 397),
(1139, 55, 584),
(1140, 93, 837),
(1141, 253, 6),
(1142, 133, 282),
(1143, 191, 400),
(1144, 285, 759),
(1145, 162, 565),
(1146, 108, 212),
(1147, 21, 770),
(1148, 35, 407),
(1149, 220, 342),
(1150, 146, 70),
(1151, 97, 668),
(1152, 57, 768),
(1153, 147, 428),
(1154, 121, 586),
(1155, 88, 717),
(1156, 145, 909),
(1158, 60, 620),
(1159, 200, 124),
(1162, 295, 288),
(1164, 61, 660),
(1166, 66, 901),
(1167, 300, 735),
(1168, 251, 278),
(1169, 133, 541),
(1170, 51, 306),
(1172, 192, 299),
(1173, 84, 649),
(1174, 173, 736),
(1176, 243, 131),
(1177, 162, 738),
(1179, 267, 767),
(1181, 285, 435),
(1182, 194, 804),
(1183, 31, 588),
(1184, 60, 341),
(1187, 294, 657),
(1188, 200, 592),
(1189, 262, 340),
(1191, 232, 229),
(1192, 175, 476),
(1193, 145, 463),
(1195, 221, 994),
(1196, 185, 439),
(1197, 57, 829),
(1198, 278, 828),
(1199, 267, 97),
(1200, 108, 500),
(1202, 150, 836),
(1203, 41, 328),
(1204, 300, 174),
(1205, 133, 829),
(1207, 158, 957),
(1208, 133, 220),
(1209, 259, 376),
(1210, 138, 158),
(1211, 109, 561),
(1212, 200, 489),
(1213, 185, 117),
(1214, 234, 315),
(1215, 194, 274),
(1218, 206, 729),
(1219, 213, 747),
(1221, 298, 795),
(1224, 188, 37),
(1225, 65, 802),
(1226, 29, 976),
(1227, 121, 126),
(1228, 106, 665),
(1229, 29, 161),
(1230, 237, 878),
(1232, 278, 425),
(1233, 126, 884),
(1234, 297, 242),
(1235, 256, 256),
(1236, 78, 366),
(1237, 256, 332),
(1238, 78, 240),
(1239, 43, 503),
(1240, 260, 69),
(1242, 155, 290),
(1243, 47, 38),
(1244, 113, 540),
(1245, 147, 603),
(1246, 64, 569),
(1251, 77, 337),
(1253, 100, 494),
(1254, 166, 866),
(1255, 293, 974),
(1257, 45, 649),
(1258, 158, 922),
(1259, 156, 703),
(1260, 197, 154),
(1261, 220, 815),
(1263, 27, 993),
(1264, 122, 171),
(1265, 263, 788),
(1266, 78, 212),
(1267, 282, 336),
(1271, 206, 281),
(1273, 204, 78),
(1274, 79, 603),
(1275, 34, 760),
(1276, 294, 921),
(1277, 188, 477),
(1279, 274, 664),
(1280, 241, 966),
(1281, 173, 251),
(1283, 81, 80),
(1284, 284, 370),
(1286, 173, 145),
(1288, 78, 805),
(1289, 59, 845),
(1290, 185, 16),
(1291, 216, 767),
(1292, 173, 254),
(1293, 275, 825),
(1294, 27, 581),
(1295, 43, 303),
(1296, 283, 562),
(1298, 97, 543),
(1299, 226, 728),
(1301, 101, 121),
(1302, 58, 602),
(1303, 227, 116),
(1304, 121, 363),
(1305, 126, 728),
(1307, 133, 558),
(1308, 131, 742),
(1310, 245, 323),
(1311, 59, 116),
(1313, 42, 447),
(1314, 75, 260),
(1315, 171, 148),
(1316, 172, 263),
(1317, 273, 64),
(1318, 49, 223),
(1319, 272, 109),
(1321, 109, 37),
(1322, 192, 565),
(1323, 122, 159),
(1324, 262, 477),
(1325, 227, 302),
(1326, 129, 93),
(1327, 128, 498),
(1328, 148, 299),
(1329, 99, 280),
(1330, 155, 577),
(1331, 239, 26),
(1332, 172, 978),
(1334, 135, 419),
(1335, 213, 444),
(1336, 231, 22),
(1337, 215, 165),
(1339, 232, 304),
(1340, 75, 712),
(1341, 54, 760),
(1342, 49, 374),
(1343, 297, 419),
(1344, 106, 186),
(1345, 160, 726),
(1347, 118, 830),
(1349, 131, 439),
(1351, 267, 387),
(1352, 27, 33),
(1353, 277, 895),
(1354, 163, 771),
(1355, 127, 648),
(1358, 287, 463),
(1360, 212, 345),
(1361, 61, 450),
(1363, 64, 794),
(1364, 243, 316),
(1365, 191, 145),
(1366, 90, 154),
(1368, 44, 900),
(1369, 252, 770),
(1370, 260, 571),
(1371, 24, 276),
(1372, 128, 95),
(1373, 26, 813),
(1374, 118, 65),
(1375, 166, 137),
(1376, 275, 944),
(1377, 57, 598),
(1380, 243, 780),
(1381, 47, 482),
(1382, 117, 792),
(1383, 191, 898),
(1385, 278, 10),
(1386, 265, 845),
(1387, 178, 546),
(1388, 211, 151),
(1390, 212, 781),
(1391, 224, 261),
(1392, 289, 248),
(1393, 121, 133),
(1394, 24, 892),
(1395, 127, 949),
(1397, 144, 515),
(1398, 288, 863),
(1399, 49, 717),
(1400, 163, 808),
(1402, 155, 50),
(1404, 30, 792),
(1406, 295, 134),
(1407, 194, 470),
(1408, 186, 781),
(1409, 261, 786),
(1410, 199, 119),
(1411, 178, 883),
(1412, 265, 757),
(1413, 35, 215),
(1415, 119, 89),
(1416, 143, 435),
(1417, 27, 919),
(1418, 252, 371),
(1419, 92, 212),
(1420, 42, 22),
(1422, 126, 795),
(1423, 31, 562),
(1425, 131, 450),
(1427, 126, 660),
(1428, 87, 880),
(1429, 114, 107),
(1430, 282, 600),
(1431, 201, 573),
(1433, 55, 25),
(1434, 71, 24),
(1435, 179, 154),
(1436, 133, 111),
(1437, 272, 272),
(1438, 59, 998),
(1439, 256, 432),
(1440, 281, 552),
(1441, 221, 977),
(1442, 256, 292),
(1444, 144, 926),
(1445, 93, 187),
(1447, 209, 450),
(1448, 265, 900),
(1449, 156, 673),
(1450, 117, 263),
(1451, 120, 774),
(1452, 203, 891),
(1453, 246, 903),
(1455, 185, 537),
(1456, 39, 563),
(1457, 171, 292),
(1458, 85, 674),
(1460, 44, 762),
(1461, 52, 16),
(1463, 106, 136),
(1464, 127, 70),
(1465, 78, 127),
(1466, 21, 896),
(1467, 91, 46),
(1468, 169, 963),
(1469, 26, 574),
(1470, 99, 67),
(1471, 188, 852),
(1472, 271, 856),
(1473, 34, 882),
(1475, 53, 955),
(1476, 73, 631),
(1477, 246, 302),
(1478, 122, 163),
(1479, 58, 483),
(1480, 84, 137),
(1481, 70, 191),
(1482, 128, 260),
(1483, 278, 794),
(1484, 139, 254),
(1487, 294, 610),
(1488, 282, 186),
(1489, 148, 679),
(1491, 108, 197),
(1492, 69, 834),
(1493, 147, 407),
(1494, 33, 513),
(1495, 60, 564),
(1496, 275, 271),
(1497, 57, 321),
(1498, 160, 16),
(1499, 287, 898),
(1500, 216, 464),
(1501, 88, 271),
(1502, 25, 855),
(1503, 190, 583),
(1505, 101, 53),
(1506, 116, 295),
(1507, 172, 704),
(1508, 60, 801),
(1509, 135, 291),
(1510, 101, 123),
(1512, 208, 190),
(1513, 251, 549),
(1514, 163, 989),
(1516, 236, 538),
(1518, 258, 576),
(1519, 44, 332),
(1520, 114, 489),
(1521, 278, 960),
(1522, 296, 261),
(1523, 35, 579),
(1524, 222, 367),
(1525, 129, 71),
(1526, 144, 930),
(1527, 50, 884),
(1528, 28, 767),
(1529, 38, 733),
(1530, 236, 962),
(1531, 28, 311),
(1532, 121, 820),
(1533, 187, 683),
(1534, 39, 277),
(1535, 212, 552),
(1536, 297, 696),
(1537, 265, 624),
(1538, 26, 609),
(1539, 98, 523),
(1540, 134, 154),
(1541, 216, 860),
(1542, 126, 154),
(1544, 43, 589),
(1545, 201, 783),
(1546, 53, 363),
(1547, 282, 232),
(1548, 132, 639),
(1549, 282, 377),
(1550, 214, 336),
(1551, 282, 60),
(1552, 84, 73),
(1553, 232, 116),
(1554, 146, 521),
(1555, 155, 188),
(1556, 252, 699),
(1557, 109, 546),
(1558, 91, 96),
(1560, 170, 624),
(1561, 259, 381),
(1562, 125, 131),
(1563, 292, 512),
(1565, 41, 594),
(1566, 57, 600),
(1567, 116, 318),
(1568, 249, 972),
(1569, 197, 953),
(1570, 300, 234),
(1571, 77, 13),
(1572, 232, 705),
(1574, 38, 610),
(1575, 227, 174),
(1576, 162, 453),
(1577, 54, 836),
(1578, 61, 743),
(1579, 48, 534),
(1581, 156, 77),
(1582, 300, 109),
(1583, 32, 199),
(1585, 47, 815),
(1586, 91, 106),
(1588, 260, 266),
(1590, 56, 407),
(1591, 222, 468),
(1592, 50, 544),
(1593, 262, 907),
(1596, 269, 881),
(1597, 53, 171),
(1598, 244, 188),
(1600, 75, 422),
(1601, 108, 818),
(1602, 256, 904),
(1603, 203, 23),
(1604, 51, 357),
(1605, 287, 933),
(1606, 258, 838),
(1608, 134, 843),
(1609, 93, 364),
(1610, 296, 231),
(1612, 146, 974),
(1613, 28, 77),
(1615, 58, 815),
(1616, 144, 662),
(1617, 256, 416),
(1618, 49, 703),
(1620, 298, 504),
(1621, 175, 193),
(1622, 186, 416),
(1623, 46, 543),
(1624, 163, 315),
(1625, 133, 959),
(1627, 127, 811),
(1630, 61, 879),
(1631, 258, 602),
(1632, 99, 46),
(1634, 206, 544),
(1635, 226, 942),
(1636, 231, 803),
(1637, 236, 568),
(1638, 49, 457),
(1640, 202, 624),
(1641, 101, 563),
(1642, 114, 64),
(1643, 127, 191),
(1645, 49, 414),
(1646, 70, 117),
(1647, 145, 127),
(1648, 243, 491),
(1649, 287, 941),
(1651, 289, 91),
(1653, 277, 482),
(1656, 87, 942),
(1660, 187, 48),
(1661, 149, 997),
(1663, 244, 871),
(1664, 292, 179),
(1665, 45, 717),
(1667, 26, 141),
(1668, 44, 754),
(1669, 143, 850),
(1671, 144, 985),
(1672, 176, 430),
(1673, 134, 979),
(1674, 236, 722),
(1675, 277, 288),
(1676, 97, 938),
(1678, 239, 707),
(1679, 292, 210),
(1681, 203, 355),
(1682, 64, 617),
(1684, 42, 150),
(1685, 223, 832),
(1686, 162, 729),
(1687, 300, 562),
(1689, 108, 962),
(1690, 237, 197),
(1691, 26, 391),
(1692, 23, 425),
(1693, 191, 567),
(1694, 48, 737),
(1695, 49, 562),
(1696, 60, 965),
(1697, 138, 796),
(1698, 69, 888),
(1699, 166, 8),
(1702, 300, 426),
(1703, 27, 390),
(1704, 32, 228),
(1705, 200, 567),
(1706, 174, 560),
(1707, 43, 72),
(1708, 44, 173),
(1710, 36, 352),
(1711, 292, 713),
(1712, 144, 221),
(1713, 226, 868),
(1715, 34, 523),
(1716, 261, 336),
(1718, 277, 809),
(1719, 203, 933),
(1720, 292, 304),
(1721, 231, 970),
(1722, 120, 897),
(1723, 293, 643),
(1725, 227, 79),
(1726, 206, 549),
(1729, 91, 979),
(1731, 269, 848),
(1734, 216, 388),
(1735, 267, 72),
(1736, 81, 950),
(1738, 272, 328),
(1739, 74, 413),
(1741, 89, 215),
(1742, 90, 560),
(1743, 91, 690),
(1744, 282, 890),
(1746, 155, 670),
(1748, 29, 306),
(1749, 143, 224),
(1751, 250, 266),
(1754, 39, 885),
(1755, 85, 279),
(1757, 51, 36),
(1758, 84, 664),
(1760, 269, 982),
(1762, 273, 275),
(1763, 175, 733),
(1764, 136, 720),
(1765, 239, 131),
(1766, 225, 894),
(1768, 298, 226),
(1769, 294, 144),
(1770, 193, 38),
(1771, 42, 443),
(1774, 98, 882),
(1775, 143, 792),
(1776, 234, 264),
(1777, 263, 444),
(1779, 250, 710),
(1780, 39, 469),
(1782, 244, 76),
(1783, 278, 336),
(1784, 47, 902),
(1786, 281, 465),
(1787, 263, 705),
(1788, 29, 764),
(1789, 60, 438),
(1790, 63, 168),
(1791, 37, 677),
(1793, 23, 217),
(1794, 275, 351),
(1795, 132, 880),
(1796, 208, 717),
(1797, 178, 25),
(1798, 243, 267),
(1799, 222, 79),
(1800, 33, 754),
(1802, 296, 236),
(1803, 292, 85),
(1804, 161, 398),
(1805, 284, 580),
(1806, 246, 105),
(1807, 66, 757),
(1808, 60, 242),
(1811, 200, 939),
(1812, 270, 816),
(1813, 33, 968),
(1814, 158, 122),
(1816, 228, 810),
(1817, 165, 915),
(1818, 42, 230),
(1820, 121, 852),
(1821, 45, 997),
(1822, 209, 715),
(1823, 211, 588),
(1824, 211, 533),
(1825, 191, 294),
(1826, 162, 161),
(1827, 225, 873),
(1828, 226, 603),
(1829, 227, 307),
(1830, 24, 153),
(1831, 134, 564),
(1832, 101, 352),
(1833, 30, 55),
(1834, 216, 877),
(1835, 45, 41),
(1837, 160, 986),
(1838, 92, 151),
(1839, 48, 302),
(1840, 134, 0),
(1842, 157, 528),
(1844, 44, 155),
(1845, 41, 105),
(1846, 30, 235),
(1849, 42, 453),
(1850, 61, 956),
(1852, 159, 405),
(1854, 256, 436),
(1856, 201, 394),
(1857, 174, 31),
(1858, 209, 763),
(1859, 145, 851),
(1860, 206, 661),
(1861, 28, 830),
(1862, 28, 405),
(1863, 22, 659),
(1864, 89, 817),
(1865, 260, 440),
(1867, 66, 105),
(1869, 258, 526),
(1870, 194, 679),
(1871, 264, 216),
(1873, 128, 707),
(1874, 287, 950),
(1875, 242, 891),
(1876, 61, 263),
(1877, 37, 558),
(1878, 250, 802),
(1880, 174, 679),
(1881, 188, 564),
(1882, 24, 587),
(1883, 162, 380),
(1884, 258, 252),
(1885, 227, 67),
(1886, 88, 772),
(1887, 285, 907),
(1888, 203, 296),
(1889, 239, 253),
(1890, 159, 984),
(1891, 137, 839),
(1892, 206, 388),
(1893, 173, 748),
(1894, 126, 75),
(1895, 265, 896),
(1896, 277, 706),
(1898, 30, 806),
(1900, 272, 396),
(1902, 259, 32),
(1904, 175, 602),
(1905, 28, 972),
(1906, 25, 852),
(1907, 154, 520),
(1909, 253, 205),
(1910, 253, 109),
(1911, 227, 23),
(1912, 136, 931),
(1913, 145, 386),
(1914, 132, 828),
(1915, 242, 193),
(1916, 282, 33),
(1917, 274, 759),
(1918, 277, 261),
(1919, 75, 862),
(1920, 133, 969),
(1921, 208, 529),
(1922, 108, 414),
(1924, 225, 63),
(1927, 128, 858),
(1928, 57, 303),
(1929, 74, 798),
(1930, 221, 869),
(1931, 150, 823),
(1932, 193, 541),
(1933, 161, 919),
(1934, 26, 501),
(1935, 243, 100),
(1936, 137, 115),
(1937, 295, 951),
(1939, 113, 963),
(1940, 277, 299),
(1941, 63, 45),
(1942, 162, 369),
(1943, 187, 823),
(1944, 170, 5),
(1945, 261, 335),
(1946, 36, 635),
(1947, 272, 122),
(1948, 278, 23),
(1949, 90, 451),
(1950, 139, 557),
(1951, 77, 224),
(1952, 288, 213),
(1953, 60, 738),
(1956, 48, 368),
(1957, 49, 323),
(1958, 249, 218),
(1959, 41, 51),
(1960, 98, 675),
(1961, 119, 197),
(1962, 289, 497),
(1963, 148, 453),
(1965, 36, 991),
(1966, 155, 282),
(1967, 114, 249),
(1968, 50, 410),
(1969, 223, 506),
(1970, 31, 53),
(1971, 269, 979),
(1972, 297, 722),
(1973, 139, 274),
(1976, 98, 608),
(1977, 299, 386),
(1978, 54, 649),
(1979, 283, 286),
(1980, 117, 868),
(1981, 224, 820),
(1982, 100, 370),
(1983, 65, 264),
(1984, 108, 584),
(1986, 34, 505),
(1988, 157, 915),
(1989, 120, 321),
(1990, 21, 240),
(1991, 128, 212),
(1992, 197, 574),
(1993, 48, 724),
(1994, 35, 336),
(1995, 169, 226),
(1996, 24, 853),
(1997, 204, 816),
(1999, 257, 322),
(2000, 75, 30),
(2003, 137, 143),
(2004, 42, 957),
(2005, 138, 362),
(2006, 202, 717),
(2007, 208, 61),
(2008, 127, 372),
(2009, 289, 111),
(2010, 191, 83),
(2011, 202, 123),
(2014, 117, 669),
(2015, 124, 858),
(2017, 155, 492),
(2018, 269, 107),
(2019, 73, 89),
(2020, 41, 939),
(2021, 130, 904),
(2022, 149, 117),
(2023, 262, 186),
(2024, 249, 847),
(2025, 228, 806),
(2026, 88, 797),
(2027, 120, 268),
(2029, 125, 742),
(2030, 300, 220),
(2031, 231, 69),
(2032, 84, 770),
(2033, 97, 310),
(2034, 35, 579),
(2035, 265, 410),
(2036, 202, 100),
(2037, 119, 397),
(2038, 29, 879),
(2040, 232, 688),
(2041, 275, 410),
(2042, 81, 978),
(2043, 66, 612),
(2044, 75, 872),
(2045, 174, 17),
(2046, 120, 708),
(2048, 23, 66),
(2049, 81, 829),
(2050, 275, 649),
(2051, 245, 77),
(2052, 178, 452),
(2053, 278, 751),
(2054, 139, 376),
(2055, 108, 396),
(2056, 194, 819),
(2057, 64, 412),
(2058, 295, 708),
(2059, 101, 200),
(2060, 33, 880),
(2061, 98, 844),
(2062, 97, 350),
(2063, 289, 52),
(2065, 251, 900),
(2066, 172, 764),
(2067, 29, 683),
(2068, 244, 492),
(2070, 129, 162),
(2071, 91, 407),
(2072, 156, 437),
(2075, 38, 673),
(2076, 234, 503),
(2077, 150, 780),
(2079, 161, 452),
(2080, 201, 411),
(2081, 58, 542),
(2082, 214, 470),
(2084, 203, 254),
(2085, 32, 901),
(2086, 236, 67),
(2088, 91, 129),
(2089, 137, 9),
(2090, 35, 308),
(2092, 199, 1000),
(2093, 81, 393),
(2094, 124, 810),
(2095, 212, 491),
(2097, 294, 30),
(2098, 281, 681),
(2100, 176, 858),
(2103, 62, 708),
(2104, 148, 251),
(2105, 289, 414),
(2106, 101, 196),
(2108, 66, 975),
(2109, 48, 252),
(2112, 233, 93),
(2113, 199, 480),
(2114, 281, 65),
(2115, 21, 313),
(2116, 42, 425),
(2117, 99, 80),
(2118, 227, 399),
(2121, 88, 503),
(2122, 191, 329),
(2123, 109, 776),
(2124, 194, 36),
(2126, 36, 845),
(2127, 41, 412),
(2128, 158, 801),
(2129, 78, 703),
(2130, 45, 740),
(2131, 243, 794),
(2132, 116, 627),
(2134, 25, 854),
(2135, 46, 239),
(2136, 101, 730),
(2138, 299, 374),
(2141, 197, 283),
(2143, 99, 207),
(2144, 273, 172),
(2145, 237, 247),
(2146, 176, 559),
(2147, 245, 292),
(2148, 88, 34),
(2149, 192, 971),
(2150, 210, 605),
(2151, 130, 199),
(2152, 150, 294),
(2153, 57, 140),
(2154, 212, 361),
(2155, 299, 616),
(2157, 138, 809),
(2159, 33, 708),
(2160, 278, 943),
(2161, 65, 580),
(2165, 294, 978),
(2166, 137, 432),
(2167, 208, 759),
(2168, 93, 790),
(2170, 251, 71),
(2172, 87, 622),
(2173, 29, 70),
(2174, 170, 693),
(2176, 157, 359),
(2178, 59, 338),
(2180, 215, 975),
(2182, 130, 714),
(2183, 154, 826),
(2184, 21, 566),
(2185, 34, 419),
(2186, 70, 514),
(2187, 203, 137),
(2188, 92, 271),
(2189, 214, 919),
(2190, 93, 924),
(2191, 163, 538),
(2192, 259, 697),
(2193, 173, 121),
(2195, 257, 673),
(2196, 221, 85),
(2197, 212, 954),
(2198, 174, 175),
(2202, 54, 961),
(2203, 149, 889),
(2204, 206, 761),
(2205, 262, 724),
(2206, 65, 80),
(2207, 221, 622),
(2208, 215, 253),
(2209, 128, 331),
(2210, 62, 229),
(2211, 99, 539),
(2212, 204, 523),
(2213, 185, 316),
(2215, 293, 464),
(2217, 265, 488),
(2218, 217, 957),
(2219, 87, 273),
(2220, 289, 736),
(2221, 272, 280),
(2222, 57, 118),
(2223, 192, 533),
(2224, 124, 485),
(2225, 137, 340),
(2226, 157, 286),
(2227, 120, 624),
(2228, 99, 356),
(2229, 231, 432),
(2230, 120, 562),
(2231, 122, 683),
(2232, 215, 259),
(2233, 245, 973),
(2234, 148, 272),
(2235, 208, 923),
(2236, 159, 811),
(2238, 149, 219),
(2239, 204, 348),
(2240, 292, 700),
(2243, 272, 783),
(2244, 127, 764),
(2245, 109, 718),
(2246, 174, 686),
(2250, 251, 607),
(2251, 226, 778),
(2252, 22, 433),
(2253, 49, 649),
(2254, 176, 669),
(2255, 138, 433),
(2257, 34, 283),
(2258, 172, 910),
(2259, 66, 898),
(2261, 77, 369),
(2264, 137, 699),
(2265, 101, 460),
(2266, 154, 463),
(2267, 34, 17),
(2268, 85, 335),
(2270, 166, 195),
(2271, 31, 930),
(2272, 281, 171),
(2273, 187, 546),
(2275, 170, 574),
(2276, 294, 828),
(2277, 209, 355),
(2278, 163, 622),
(2279, 54, 470),
(2280, 260, 124),
(2282, 225, 102),
(2283, 101, 612),
(2284, 122, 630),
(2285, 236, 211),
(2287, 179, 934),
(2288, 35, 599),
(2289, 293, 322),
(2290, 191, 459),
(2291, 208, 286),
(2292, 97, 775),
(2295, 87, 375),
(2297, 91, 307),
(2298, 73, 894),
(2299, 265, 255),
(2300, 249, 850),
(2301, 269, 62),
(2302, 199, 508),
(2303, 194, 560),
(2306, 69, 696),
(2308, 71, 607),
(2309, 42, 295),
(2310, 42, 157),
(2311, 199, 901),
(2312, 81, 508),
(2315, 223, 447),
(2317, 31, 49),
(2318, 84, 7),
(2320, 174, 357),
(2321, 53, 581),
(2322, 170, 992),
(2324, 260, 699),
(2326, 227, 248),
(2327, 85, 676),
(2328, 69, 331),
(2330, 224, 572),
(2331, 186, 137),
(2332, 120, 506),
(2333, 285, 817),
(2334, 98, 126),
(2335, 37, 755),
(2336, 216, 958),
(2337, 66, 978),
(2340, 245, 14),
(2342, 74, 812),
(2346, 244, 744),
(2347, 278, 717),
(2348, 62, 175),
(2349, 62, 405),
(2350, 161, 874),
(2351, 55, 164),
(2354, 75, 21),
(2355, 258, 400),
(2356, 294, 348),
(2357, 281, 510),
(2358, 73, 197),
(2359, 232, 996),
(2360, 216, 187),
(2361, 222, 545),
(2362, 88, 93),
(2363, 281, 765),
(2365, 93, 470),
(2366, 265, 174),
(2367, 24, 667),
(2368, 175, 161),
(2370, 242, 776),
(2371, 232, 68),
(2372, 120, 379),
(2373, 202, 419),
(2374, 256, 108),
(2375, 241, 389),
(2376, 249, 17),
(2377, 84, 268),
(2378, 68, 253),
(2380, 223, 866),
(2383, 245, 186),
(2384, 35, 784),
(2385, 253, 387),
(2386, 84, 650),
(2387, 87, 420),
(2388, 122, 637),
(2389, 49, 367),
(2390, 272, 828),
(2391, 51, 894),
(2392, 234, 537),
(2393, 54, 539),
(2394, 122, 917),
(2395, 263, 89),
(2399, 84, 730),
(2402, 128, 884),
(2403, 174, 613),
(2404, 143, 844),
(2405, 120, 269),
(2407, 81, 855),
(2408, 234, 494),
(2409, 154, 671),
(2410, 260, 731),
(2411, 38, 777),
(2412, 42, 413),
(2413, 59, 524),
(2414, 33, 693),
(2417, 275, 720),
(2419, 199, 340),
(2421, 246, 801),
(2422, 137, 324),
(2423, 160, 399),
(2425, 132, 401),
(2426, 134, 811),
(2428, 64, 593),
(2429, 220, 607),
(2430, 21, 322),
(2431, 179, 392),
(2432, 206, 617),
(2434, 200, 321),
(2435, 262, 676),
(2436, 281, 795),
(2437, 55, 51),
(2438, 154, 14),
(2439, 158, 107),
(2441, 64, 225),
(2442, 38, 8),
(2443, 262, 305),
(2445, 188, 503),
(2447, 191, 748),
(2448, 91, 360),
(2449, 122, 528),
(2450, 260, 272),
(2451, 226, 955),
(2452, 129, 263),
(2453, 251, 417),
(2455, 277, 113),
(2456, 166, 957),
(2457, 77, 901),
(2460, 170, 68),
(2462, 221, 153),
(2463, 156, 185),
(2465, 193, 289),
(2466, 35, 469),
(2467, 122, 418),
(2468, 84, 389),
(2469, 27, 575),
(2472, 199, 416),
(2473, 173, 249),
(2474, 125, 106),
(2475, 85, 122),
(2476, 127, 435),
(2477, 30, 924),
(2478, 223, 810),
(2480, 158, 732),
(2482, 258, 157),
(2483, 43, 662),
(2484, 241, 859),
(2485, 156, 219),
(2487, 39, 367),
(2489, 74, 759),
(2490, 157, 856),
(2491, 232, 647),
(2493, 186, 838),
(2494, 119, 825),
(2495, 51, 401),
(2496, 79, 28),
(2497, 206, 750),
(2499, 175, 540),
(2500, 21, 818),
(2501, 267, 504),
(2502, 85, 714),
(2503, 215, 94),
(2506, 135, 114),
(2507, 45, 208),
(2508, 84, 555),
(2509, 26, 711),
(2510, 119, 203),
(2511, 201, 192),
(2512, 93, 837),
(2514, 78, 563),
(2515, 136, 744),
(2517, 157, 222),
(2520, 213, 931),
(2521, 261, 43),
(2522, 53, 607),
(2523, 28, 424),
(2524, 246, 948),
(2525, 89, 111),
(2526, 291, 112),
(2527, 61, 582),
(2530, 223, 938),
(2531, 87, 863),
(2532, 260, 737),
(2533, 37, 529),
(2534, 193, 429),
(2536, 216, 45),
(2537, 55, 554),
(2539, 278, 873),
(2541, 174, 497),
(2542, 90, 668),
(2543, 227, 418),
(2544, 277, 805),
(2545, 68, 447),
(2546, 42, 499),
(2547, 175, 339),
(2548, 81, 868),
(2549, 242, 326),
(2550, 109, 276),
(2551, 204, 75),
(2552, 217, 61),
(2553, 173, 639),
(2554, 147, 123),
(2555, 158, 789),
(2556, 187, 19),
(2557, 59, 561),
(2558, 92, 435),
(2559, 70, 913),
(2560, 132, 830),
(2561, 224, 793),
(2562, 179, 925),
(2563, 68, 424),
(2565, 98, 412),
(2566, 62, 969),
(2567, 63, 807),
(2568, 242, 236),
(2569, 93, 19),
(2571, 122, 966),
(2572, 75, 596),
(2574, 126, 283),
(2575, 298, 93),
(2576, 217, 462),
(2577, 121, 815),
(2579, 185, 539),
(2580, 23, 72),
(2581, 208, 727),
(2582, 53, 524),
(2583, 121, 301),
(2584, 47, 854),
(2585, 33, 615),
(2586, 297, 623),
(2588, 122, 235),
(2589, 63, 438),
(2590, 149, 682),
(2592, 131, 533),
(2593, 31, 337),
(2594, 174, 183),
(2595, 116, 240),
(2596, 239, 780),
(2597, 68, 252),
(2598, 62, 409),
(2599, 190, 837),
(2600, 130, 610),
(2601, 267, 381),
(2602, 137, 445),
(2603, 147, 851),
(2605, 261, 868),
(2607, 42, 434),
(2609, 237, 490),
(2610, 127, 186),
(2612, 38, 61),
(2613, 210, 39),
(2614, 256, 317),
(2616, 213, 226),
(2618, 258, 192),
(2619, 271, 805),
(2622, 200, 121),
(2623, 66, 353),
(2627, 236, 432),
(2628, 176, 167),
(2630, 117, 420),
(2631, 25, 439),
(2632, 241, 500),
(2635, 137, 248),
(2636, 211, 638),
(2637, 93, 677),
(2638, 212, 540),
(2641, 121, 891),
(2642, 209, 756),
(2643, 225, 685),
(2644, 264, 603),
(2645, 65, 382),
(2646, 31, 811),
(2647, 33, 308),
(2648, 116, 687),
(2650, 73, 408),
(2651, 60, 303),
(2653, 291, 609),
(2654, 43, 818),
(2655, 159, 911),
(2656, 48, 156),
(2657, 54, 545),
(2658, 55, 46),
(2659, 42, 574),
(2661, 120, 628),
(2663, 212, 131),
(2666, 185, 573),
(2667, 51, 632),
(2669, 36, 889),
(2670, 125, 841),
(2671, 269, 789),
(2672, 174, 781),
(2673, 51, 523),
(2674, 56, 207),
(2676, 22, 910),
(2679, 277, 924),
(2680, 55, 176),
(2681, 215, 659),
(2682, 144, 986),
(2683, 176, 483),
(2684, 261, 791),
(2685, 65, 323),
(2686, 149, 794),
(2687, 35, 830),
(2689, 208, 511),
(2690, 42, 325),
(2692, 275, 866),
(2693, 208, 695),
(2694, 217, 833),
(2695, 262, 908),
(2696, 57, 15),
(2697, 47, 513),
(2699, 258, 177),
(2700, 298, 135),
(2701, 28, 184),
(2702, 58, 261),
(2703, 210, 193),
(2705, 118, 474),
(2706, 186, 60),
(2707, 271, 856),
(2708, 234, 506),
(2709, 197, 837),
(2710, 295, 487),
(2711, 170, 114),
(2712, 245, 673),
(2714, 21, 120),
(2715, 143, 781),
(2716, 224, 133),
(2717, 263, 934),
(2719, 45, 242),
(2721, 22, 915),
(2722, 145, 489),
(2723, 300, 187),
(2724, 300, 720),
(2725, 116, 808),
(2726, 178, 693),
(2727, 275, 515),
(2728, 133, 710),
(2729, 213, 483),
(2731, 116, 841),
(2733, 273, 583),
(2735, 213, 986),
(2736, 29, 468),
(2737, 178, 945),
(2738, 298, 491),
(2739, 53, 44),
(2740, 179, 964),
(2741, 62, 201),
(2742, 147, 330),
(2743, 265, 743),
(2744, 292, 811),
(2746, 232, 59),
(2748, 213, 812),
(2749, 275, 275),
(2750, 28, 927),
(2751, 209, 588),
(2752, 271, 387),
(2754, 170, 30),
(2756, 202, 366),
(2757, 246, 425),
(2758, 47, 132),
(2759, 289, 944),
(2760, 223, 879),
(2762, 143, 637),
(2763, 217, 336),
(2764, 46, 565),
(2765, 68, 384),
(2766, 23, 547),
(2767, 273, 85),
(2768, 257, 811),
(2769, 252, 344),
(2770, 253, 237),
(2771, 129, 211),
(2772, 206, 833),
(2773, 79, 954),
(2774, 208, 957),
(2775, 48, 285),
(2776, 227, 602),
(2777, 234, 194),
(2778, 251, 571),
(2779, 242, 485),
(2780, 223, 938),
(2781, 185, 795),
(2783, 53, 318),
(2784, 174, 653),
(2785, 194, 921),
(2787, 98, 314),
(2788, 222, 64),
(2789, 165, 892),
(2790, 166, 878),
(2791, 216, 7),
(2792, 101, 940),
(2794, 274, 585),
(2796, 101, 199),
(2798, 188, 723),
(2799, 148, 672),
(2800, 261, 558),
(2802, 166, 460),
(2804, 186, 529),
(2807, 85, 226),
(2808, 156, 85),
(2809, 100, 851),
(2810, 236, 86),
(2811, 161, 49),
(2813, 197, 914),
(2814, 147, 292),
(2815, 78, 30),
(2816, 46, 106),
(2818, 85, 250),
(2819, 262, 379),
(2820, 38, 951),
(2822, 259, 252),
(2823, 39, 853),
(2824, 197, 288),
(2826, 36, 159),
(2827, 124, 493),
(2828, 160, 769),
(2829, 79, 752),
(2830, 294, 809),
(2832, 216, 546),
(2833, 148, 524),
(2834, 118, 488),
(2835, 81, 411),
(2836, 43, 764),
(2837, 134, 968),
(2838, 154, 34),
(2839, 69, 897),
(2841, 39, 761),
(2842, 71, 336),
(2843, 58, 413),
(2844, 24, 120),
(2845, 170, 85),
(2846, 239, 257),
(2847, 106, 252),
(2848, 56, 39),
(2849, 35, 7),
(2850, 129, 342),
(2851, 293, 4),
(2852, 60, 963),
(2854, 284, 502),
(2855, 242, 30),
(2856, 23, 964),
(2857, 281, 915),
(2858, 75, 560),
(2859, 132, 476),
(2861, 21, 948),
(2862, 137, 228),
(2863, 122, 810),
(2864, 271, 664),
(2865, 169, 23),
(2866, 91, 20),
(2868, 62, 147),
(2869, 21, 294),
(2870, 241, 612),
(2871, 269, 648),
(2872, 45, 772),
(2875, 277, 64),
(2876, 101, 210),
(2878, 45, 740),
(2879, 200, 961),
(2880, 220, 708),
(2882, 58, 738),
(2883, 119, 955),
(2884, 47, 24),
(2886, 31, 407),
(2887, 258, 552),
(2888, 221, 252),
(2890, 149, 188),
(2891, 262, 49),
(2892, 117, 246),
(2893, 252, 528),
(2894, 43, 782),
(2896, 178, 379),
(2897, 249, 194),
(2899, 228, 226),
(2901, 48, 375),
(2902, 129, 860),
(2904, 43, 491),
(2905, 300, 954),
(2906, 265, 550),
(2907, 192, 421),
(2908, 113, 462),
(2910, 237, 815),
(2912, 233, 260),
(2913, 145, 63),
(2914, 250, 54),
(2915, 256, 665),
(2916, 210, 84),
(2917, 146, 279),
(2918, 35, 774),
(2919, 22, 729),
(2921, 122, 862),
(2922, 179, 206),
(2923, 117, 885),
(2924, 244, 972),
(2925, 22, 909),
(2926, 193, 466),
(2927, 43, 527),
(2928, 126, 419),
(2929, 120, 947),
(2930, 108, 744),
(2931, 241, 182),
(2934, 264, 659),
(2935, 45, 369),
(2936, 281, 482),
(2938, 236, 442),
(2939, 64, 410),
(2940, 60, 502),
(2941, 70, 419),
(2942, 135, 445),
(2943, 37, 95),
(2944, 45, 514),
(2945, 31, 164),
(2946, 137, 363),
(2947, 79, 8),
(2949, 21, 66),
(2950, 125, 657),
(2952, 133, 217),
(2953, 185, 783),
(2954, 98, 833),
(2955, 282, 970),
(2956, 278, 462),
(2957, 144, 286),
(2958, 227, 787),
(2959, 172, 198),
(2960, 233, 91),
(2961, 134, 501),
(2963, 30, 984),
(2964, 260, 228),
(2965, 162, 496),
(2966, 162, 472),
(2967, 147, 786),
(2969, 46, 234),
(2970, 85, 912),
(2972, 208, 782),
(2973, 158, 740),
(2974, 288, 404),
(2975, 58, 345),
(2976, 89, 363),
(2977, 23, 269),
(2979, 281, 227),
(2980, 161, 72),
(2982, 157, 134),
(2983, 68, 46),
(2984, 84, 576),
(2985, 28, 889),
(2986, 89, 316),
(2987, 32, 466),
(2989, 263, 416),
(2990, 258, 690),
(2991, 221, 915),
(2992, 160, 414),
(2993, 157, 749),
(2994, 277, 772),
(2995, 27, 695),
(2997, 34, 368),
(2998, 77, 855),
(3000, 116, 169),
(3001, 52, 675),
(3002, 292, 479),
(3003, 33, 572),
(3004, 24, 793),
(3005, 187, 878),
(3007, 91, 485),
(3009, 63, 282),
(3010, 154, 720),
(3011, 78, 15),
(3012, 216, 697),
(3013, 222, 440),
(3014, 190, 227),
(3016, 150, 766),
(3018, 234, 643),
(3020, 226, 971),
(3021, 150, 295),
(3022, 204, 207),
(3023, 145, 226),
(3024, 265, 186),
(3025, 281, 755),
(3026, 197, 641),
(3027, 32, 347),
(3029, 24, 240),
(3030, 23, 305),
(3031, 133, 955),
(3033, 29, 586),
(3034, 200, 726),
(3035, 215, 761),
(3036, 31, 772),
(3038, 121, 754),
(3039, 265, 558),
(3040, 226, 856),
(3041, 210, 111),
(3042, 127, 782),
(3043, 21, 14),
(3044, 171, 17),
(3045, 251, 495),
(3046, 150, 314),
(3047, 130, 720),
(3049, 73, 368),
(3050, 225, 502),
(3051, 194, 532),
(3052, 122, 719),
(3053, 89, 659),
(3055, 178, 33),
(3056, 163, 943),
(3057, 59, 154),
(3058, 91, 846),
(3059, 278, 627),
(3060, 22, 17),
(3061, 68, 166),
(3062, 139, 354),
(3063, 226, 43),
(3064, 66, 534),
(3065, 171, 633),
(3067, 192, 902),
(3068, 68, 1),
(3069, 23, 590),
(3070, 132, 244),
(3071, 75, 210),
(3072, 300, 292),
(3074, 244, 526),
(3075, 106, 200),
(3077, 188, 767),
(3078, 157, 444),
(3079, 126, 822),
(3080, 29, 28),
(3081, 37, 230),
(3082, 30, 17),
(3083, 278, 218),
(3084, 256, 88),
(3085, 90, 16),
(3087, 100, 556),
(3088, 31, 526),
(3090, 59, 622),
(3091, 251, 832),
(3093, 113, 827),
(3095, 158, 232),
(3096, 43, 711),
(3097, 156, 944),
(3098, 119, 889),
(3099, 44, 441),
(3100, 139, 48),
(3101, 265, 143),
(3102, 87, 609),
(3104, 21, 808),
(3105, 212, 423),
(3106, 166, 687),
(3107, 267, 354),
(3108, 61, 384),
(3111, 32, 146),
(3112, 166, 796),
(3113, 55, 348),
(3114, 81, 848),
(3115, 259, 636),
(3116, 97, 99),
(3117, 124, 195),
(3118, 275, 305),
(3119, 260, 764),
(3121, 215, 782),
(3122, 295, 46),
(3123, 30, 303),
(3124, 132, 17),
(3125, 108, 175),
(3126, 197, 56),
(3127, 250, 786),
(3128, 50, 132),
(3130, 223, 327),
(3131, 79, 332),
(3132, 244, 368),
(3133, 211, 79),
(3134, 42, 703),
(3135, 138, 900),
(3137, 64, 142),
(3138, 269, 37),
(3139, 298, 117),
(3140, 227, 447),
(3141, 294, 159),
(3142, 210, 156),
(3143, 294, 488),
(3145, 220, 481),
(3146, 39, 294),
(3150, 48, 445),
(3152, 252, 417),
(3153, 175, 144),
(3155, 188, 100),
(3156, 225, 983),
(3158, 194, 794),
(3159, 101, 760),
(3160, 275, 615),
(3161, 250, 146),
(3162, 226, 652),
(3163, 37, 486),
(3164, 156, 241),
(3165, 100, 439),
(3166, 239, 825),
(3167, 156, 929),
(3168, 42, 164),
(3169, 52, 226),
(3170, 143, 871),
(3171, 139, 274),
(3172, 246, 551),
(3173, 119, 689),
(3174, 73, 258),
(3175, 265, 770),
(3176, 170, 962),
(3177, 265, 535),
(3178, 225, 130),
(3180, 289, 722),
(3181, 188, 785),
(3182, 221, 215),
(3183, 54, 667),
(3184, 22, 88),
(3185, 78, 567),
(3186, 210, 832),
(3187, 79, 736),
(3188, 246, 691),
(3190, 160, 515),
(3191, 232, 369),
(3194, 121, 695),
(3195, 300, 717),
(3196, 143, 234),
(3197, 267, 275),
(3198, 288, 842),
(3199, 237, 157),
(3200, 226, 884),
(3201, 109, 158),
(3202, 161, 886),
(3203, 31, 898),
(3204, 138, 917),
(3205, 227, 642),
(3206, 70, 197),
(3207, 93, 228),
(3208, 134, 38),
(3210, 241, 975),
(3211, 36, 540),
(3212, 53, 92),
(3213, 148, 407),
(3214, 245, 961),
(3216, 145, 708),
(3217, 101, 445),
(3218, 193, 678),
(3219, 73, 361),
(3221, 169, 518),
(3222, 194, 539),
(3223, 137, 226),
(3224, 284, 140),
(3227, 100, 652),
(3228, 35, 194),
(3230, 242, 349),
(3231, 202, 642),
(3232, 81, 394),
(3233, 128, 711),
(3234, 53, 576),
(3235, 232, 469),
(3236, 126, 672),
(3238, 108, 483),
(3239, 260, 332),
(3240, 70, 190),
(3243, 44, 641),
(3245, 30, 721),
(3246, 262, 282),
(3248, 64, 567),
(3249, 222, 437),
(3250, 158, 574),
(3251, 293, 705),
(3252, 39, 155),
(3256, 138, 402),
(3257, 256, 456),
(3259, 21, 694),
(3260, 146, 384),
(3264, 174, 453),
(3266, 259, 373),
(3267, 148, 793),
(3268, 81, 44),
(3269, 234, 528),
(3270, 300, 61),
(3271, 190, 564),
(3272, 263, 947),
(3273, 275, 343),
(3274, 66, 757),
(3275, 47, 693),
(3276, 56, 157),
(3279, 85, 720),
(3280, 137, 219),
(3281, 185, 897),
(3282, 231, 576),
(3283, 271, 765),
(3285, 261, 394),
(3286, 245, 193),
(3287, 25, 515),
(3289, 149, 513),
(3290, 48, 110),
(3293, 281, 94),
(3294, 264, 869),
(3295, 291, 599),
(3297, 154, 259),
(3298, 119, 836),
(3299, 211, 238),
(3300, 84, 999),
(3302, 50, 213),
(3303, 147, 463),
(3305, 48, 173),
(3306, 202, 295),
(3307, 89, 383),
(3308, 21, 980),
(3309, 29, 84),
(3310, 258, 233),
(3311, 63, 638),
(3313, 299, 129),
(3314, 73, 991),
(3315, 85, 974),
(3316, 147, 562),
(3317, 206, 928),
(3318, 213, 490),
(3322, 77, 417),
(3323, 299, 216),
(3324, 210, 287),
(3326, 161, 485),
(3327, 278, 762),
(3330, 231, 434),
(3332, 158, 488),
(3333, 146, 612),
(3334, 188, 768),
(3335, 287, 745),
(3337, 162, 914),
(3338, 225, 671),
(3339, 259, 1000),
(3340, 50, 782),
(3342, 97, 171),
(3343, 227, 864),
(3344, 51, 455),
(3345, 108, 614),
(3346, 92, 866),
(3348, 252, 924),
(3349, 174, 627),
(3350, 41, 429),
(3351, 285, 602),
(3352, 190, 539),
(3353, 101, 94),
(3355, 63, 559),
(3356, 131, 674),
(3357, 224, 894),
(3358, 225, 497),
(3359, 150, 828),
(3361, 56, 501),
(3362, 35, 86),
(3364, 246, 18),
(3365, 125, 475),
(3366, 299, 102),
(3367, 233, 859),
(3368, 215, 114),
(3369, 294, 833),
(3370, 249, 387),
(3373, 32, 500),
(3378, 282, 99),
(3379, 48, 950),
(3380, 125, 24),
(3381, 92, 794),
(3382, 270, 586),
(3383, 292, 989),
(3384, 174, 681),
(3385, 73, 571),
(3386, 294, 535),
(3388, 243, 319),
(3389, 288, 84),
(3391, 38, 426),
(3393, 34, 480),
(3394, 271, 579),
(3395, 54, 240),
(3396, 53, 188),
(3398, 297, 366),
(3400, 223, 480),
(3401, 224, 730),
(3402, 287, 342),
(3403, 131, 854),
(3405, 71, 217),
(3406, 208, 219),
(3407, 161, 765),
(3409, 117, 912),
(3410, 93, 222),
(3411, 30, 680),
(3413, 287, 340),
(3414, 273, 674),
(3417, 61, 733),
(3418, 166, 270),
(3419, 65, 339),
(3420, 246, 444),
(3421, 210, 188),
(3422, 44, 985),
(3423, 292, 111),
(3424, 217, 615),
(3428, 116, 514),
(3429, 213, 435),
(3430, 222, 392),
(3431, 169, 779),
(3432, 81, 904),
(3433, 283, 279),
(3435, 273, 559),
(3436, 90, 824),
(3437, 239, 972),
(3438, 47, 811),
(3439, 202, 937),
(3440, 33, 738),
(3441, 28, 950),
(3442, 166, 582),
(3443, 188, 888),
(3444, 222, 713),
(3445, 243, 55),
(3446, 193, 799),
(3447, 65, 197),
(3448, 134, 619),
(3449, 148, 741),
(3452, 245, 483),
(3453, 298, 773),
(3455, 146, 996),
(3458, 89, 84),
(3459, 37, 181),
(3460, 131, 975),
(3461, 63, 115),
(3462, 297, 438),
(3463, 265, 128),
(3465, 250, 556),
(3466, 47, 642),
(3467, 250, 857),
(3469, 91, 306),
(3470, 78, 630),
(3471, 201, 204),
(3472, 60, 56),
(3473, 121, 454),
(3474, 66, 942),
(3476, 262, 193),
(3477, 120, 913),
(3478, 204, 565),
(3479, 98, 483),
(3480, 22, 616),
(3482, 288, 60),
(3483, 275, 927),
(3484, 150, 509),
(3486, 296, 501),
(3488, 278, 322),
(3489, 87, 412),
(3491, 211, 48),
(3492, 209, 637),
(3493, 91, 799),
(3494, 277, 967),
(3496, 297, 898),
(3498, 128, 366),
(3499, 143, 26),
(3500, 55, 962),
(3501, 269, 912),
(3502, 22, 560),
(3503, 134, 200),
(3504, 250, 29),
(3505, 109, 360),
(3506, 171, 19),
(3508, 108, 911),
(3510, 242, 435),
(3511, 71, 918),
(3512, 217, 691),
(3513, 210, 413),
(3514, 64, 401),
(3515, 33, 488),
(3516, 136, 468),
(3517, 214, 507),
(3519, 216, 223),
(3520, 197, 207),
(3521, 126, 200),
(3522, 29, 614),
(3523, 172, 490),
(3524, 138, 628),
(3526, 116, 514),
(3527, 236, 380),
(3528, 64, 4),
(3529, 179, 955),
(3531, 209, 207),
(3532, 191, 737),
(3534, 65, 910),
(3535, 159, 499),
(3536, 260, 801),
(3537, 97, 399),
(3538, 37, 928),
(3540, 158, 786),
(3541, 210, 322),
(3542, 293, 402),
(3544, 193, 940),
(3545, 192, 323),
(3546, 149, 907),
(3547, 178, 373),
(3548, 232, 139),
(3549, 200, 283),
(3550, 208, 989),
(3552, 212, 170),
(3553, 135, 853),
(3555, 172, 662),
(3556, 128, 105),
(3557, 139, 182),
(3558, 246, 317),
(3560, 65, 466),
(3561, 233, 460),
(3562, 119, 800),
(3564, 125, 134),
(3565, 288, 272),
(3567, 122, 379),
(3568, 265, 582),
(3569, 259, 480),
(3572, 161, 364),
(3573, 176, 918),
(3574, 49, 85),
(3575, 108, 312),
(3577, 253, 375),
(3581, 31, 229),
(3582, 22, 576),
(3583, 193, 715),
(3584, 147, 735),
(3585, 50, 108),
(3586, 228, 121),
(3587, 199, 5),
(3591, 92, 770),
(3592, 236, 72),
(3594, 298, 993),
(3595, 138, 842),
(3599, 294, 825),
(3600, 298, 83),
(3601, 287, 537),
(3602, 69, 808),
(3603, 259, 442),
(3604, 127, 607),
(3606, 232, 532),
(3607, 137, 592),
(3608, 100, 976),
(3609, 58, 9),
(3610, 253, 50),
(3614, 185, 442),
(3616, 277, 992),
(3617, 262, 192),
(3618, 68, 88),
(3620, 100, 605),
(3621, 54, 291),
(3623, 75, 532),
(3624, 59, 657),
(3625, 233, 232),
(3626, 203, 961),
(3627, 296, 768),
(3628, 124, 732),
(3629, 194, 221),
(3630, 289, 411),
(3631, 79, 590),
(3632, 32, 307),
(3633, 242, 328),
(3634, 288, 157),
(3636, 296, 996),
(3637, 118, 315),
(3638, 33, 833),
(3639, 71, 373),
(3640, 44, 842),
(3641, 211, 700),
(3642, 271, 567),
(3643, 79, 559),
(3644, 55, 471),
(3646, 85, 935),
(3647, 275, 798),
(3648, 190, 548),
(3649, 215, 349),
(3652, 223, 919),
(3653, 234, 668),
(3654, 157, 862),
(3655, 239, 719),
(3656, 246, 108),
(3657, 22, 946),
(3658, 249, 251),
(3660, 147, 105),
(3661, 212, 394),
(3662, 85, 932),
(3663, 46, 669),
(3664, 129, 626),
(3665, 50, 321),
(3666, 212, 357),
(3667, 78, 398),
(3668, 81, 287),
(3669, 117, 40),
(3670, 169, 965),
(3671, 296, 277),
(3672, 191, 887),
(3673, 173, 31),
(3674, 165, 45),
(3675, 228, 753),
(3676, 192, 496),
(3677, 137, 133),
(3678, 242, 971),
(3679, 175, 965),
(3680, 134, 498),
(3681, 114, 135),
(3682, 232, 4),
(3683, 264, 768),
(3684, 284, 780),
(3687, 121, 168),
(3688, 246, 958),
(3689, 171, 861),
(3690, 299, 141),
(3692, 121, 933),
(3693, 204, 178),
(3694, 36, 863),
(3695, 291, 171),
(3696, 48, 989),
(3697, 269, 282),
(3698, 246, 173),
(3699, 188, 936),
(3700, 24, 965),
(3701, 231, 128),
(3702, 259, 102),
(3703, 89, 362),
(3704, 162, 229),
(3705, 36, 35),
(3706, 24, 800),
(3707, 206, 712),
(3708, 239, 63),
(3709, 210, 268),
(3710, 29, 949),
(3711, 155, 246),
(3713, 100, 15),
(3715, 216, 906),
(3716, 194, 32),
(3717, 24, 329),
(3720, 239, 11),
(3721, 148, 266),
(3722, 136, 796),
(3723, 23, 977),
(3725, 79, 936),
(3726, 21, 609),
(3727, 282, 935),
(3729, 126, 17),
(3732, 187, 464),
(3733, 74, 206),
(3734, 124, 2),
(3735, 179, 993),
(3736, 186, 758),
(3737, 120, 660),
(3739, 28, 331),
(3740, 161, 855),
(3741, 165, 885),
(3742, 259, 897),
(3743, 173, 78),
(3744, 89, 174),
(3745, 251, 551),
(3746, 113, 364),
(3748, 194, 837),
(3749, 101, 41),
(3750, 37, 195),
(3751, 187, 420),
(3752, 56, 831),
(3753, 217, 516),
(3754, 233, 228),
(3755, 200, 245),
(3757, 166, 733),
(3758, 169, 505),
(3759, 251, 615),
(3760, 69, 269),
(3761, 161, 581),
(3762, 64, 667),
(3763, 245, 618),
(3764, 220, 692),
(3768, 55, 897),
(3769, 136, 807),
(3770, 166, 977),
(3771, 69, 985),
(3772, 173, 934),
(3773, 300, 300),
(3774, 187, 772),
(3776, 41, 883),
(3777, 273, 717),
(3778, 283, 740),
(3779, 70, 536),
(3781, 137, 849),
(3782, 174, 268),
(3783, 148, 388),
(3785, 262, 679),
(3786, 114, 476),
(3787, 157, 73),
(3789, 154, 97),
(3790, 51, 756),
(3791, 222, 238),
(3792, 275, 189),
(3793, 68, 287),
(3794, 161, 420),
(3795, 261, 205),
(3796, 154, 331),
(3797, 246, 276),
(3798, 269, 809),
(3799, 166, 925),
(3800, 70, 315),
(3801, 129, 478),
(3803, 157, 929),
(3804, 204, 138),
(3805, 249, 45),
(3806, 158, 597),
(3807, 97, 297),
(3808, 129, 28),
(3809, 44, 965),
(3810, 257, 546),
(3813, 162, 178),
(3814, 277, 222),
(3815, 186, 534),
(3816, 69, 124),
(3817, 186, 168),
(3818, 31, 296),
(3821, 191, 751),
(3823, 52, 945),
(3824, 220, 252),
(3825, 249, 723),
(3827, 283, 747),
(3828, 147, 577),
(3829, 154, 334),
(3830, 149, 293),
(3832, 37, 135),
(3834, 99, 395),
(3835, 295, 552),
(3836, 257, 570),
(3837, 221, 423),
(3838, 200, 989),
(3839, 55, 412),
(3840, 93, 394),
(3841, 158, 278),
(3842, 22, 842),
(3844, 73, 355),
(3846, 275, 46),
(3849, 297, 502),
(3852, 261, 553),
(3853, 106, 790),
(3854, 125, 738),
(3855, 31, 524),
(3856, 192, 268),
(3857, 296, 908),
(3858, 39, 699),
(3859, 285, 856),
(3860, 77, 632),
(3861, 249, 832),
(3862, 275, 885),
(3864, 210, 482),
(3865, 119, 270),
(3866, 262, 548),
(3867, 128, 761),
(3869, 146, 708),
(3870, 41, 830),
(3871, 22, 171),
(3873, 47, 696),
(3874, 129, 59),
(3875, 29, 335),
(3876, 106, 311),
(3878, 211, 509),
(3879, 282, 658),
(3880, 44, 694),
(3881, 120, 737),
(3882, 263, 240),
(3883, 31, 368),
(3884, 48, 918),
(3885, 208, 350),
(3886, 199, 500),
(3887, 113, 463),
(3888, 212, 72),
(3889, 225, 17),
(3890, 222, 921),
(3891, 209, 925),
(3892, 267, 949),
(3893, 25, 484),
(3894, 212, 693),
(3895, 172, 720),
(3896, 161, 525),
(3897, 201, 155),
(3898, 35, 86),
(3899, 217, 494),
(3900, 131, 166),
(3901, 208, 66),
(3904, 109, 633),
(3907, 178, 375),
(3908, 251, 0),
(3909, 242, 173),
(3910, 29, 469),
(3911, 271, 177),
(3913, 68, 272),
(3914, 300, 919),
(3915, 49, 880),
(3916, 215, 192),
(3917, 116, 724),
(3918, 148, 558),
(3919, 118, 496),
(3920, 273, 714),
(3921, 131, 541),
(3922, 203, 559),
(3923, 166, 53),
(3925, 297, 824),
(3927, 292, 446),
(3928, 225, 382),
(3929, 193, 179),
(3930, 147, 857),
(3932, 213, 663),
(3937, 277, 622),
(3938, 24, 16),
(3943, 29, 800),
(3944, 134, 163),
(3945, 148, 670),
(3946, 171, 979),
(3947, 149, 341),
(3948, 73, 343),
(3949, 174, 195),
(3951, 30, 31),
(3952, 119, 789),
(3954, 169, 808),
(3955, 30, 855),
(3957, 106, 80),
(3958, 236, 232),
(3959, 271, 490),
(3961, 69, 761),
(3962, 87, 502),
(3967, 51, 755),
(3968, 71, 572),
(3969, 62, 91),
(3970, 44, 690),
(3972, 145, 628),
(3973, 244, 910),
(3974, 294, 724),
(3975, 56, 857),
(3977, 147, 644),
(3978, 227, 506),
(3980, 79, 883),
(3981, 59, 345),
(3982, 50, 335),
(3983, 209, 87),
(3984, 269, 696),
(3985, 265, 19),
(3986, 125, 26),
(3987, 32, 424),
(3988, 55, 733),
(3989, 50, 302),
(3991, 194, 857),
(3992, 263, 383),
(3993, 144, 403),
(3994, 234, 527),
(3995, 48, 623),
(3997, 133, 843),
(3998, 275, 660),
(3999, 188, 781),
(4000, 22, 538),
(4001, 256, 880),
(4002, 28, 844),
(4003, 101, 913),
(4004, 245, 271),
(4005, 296, 416),
(4007, 241, 253),
(4008, 138, 105),
(4011, 200, 818),
(4012, 241, 958),
(4013, 108, 686),
(4014, 98, 485),
(4015, 179, 624),
(4016, 120, 540),
(4017, 135, 940),
(4020, 252, 133),
(4022, 293, 830),
(4023, 100, 835),
(4024, 176, 464),
(4025, 75, 703),
(4026, 161, 707),
(4027, 57, 352),
(4029, 62, 159),
(4030, 161, 531),
(4031, 136, 537),
(4032, 262, 80),
(4034, 225, 455),
(4035, 118, 101),
(4036, 264, 527),
(4037, 194, 443),
(4038, 216, 588),
(4039, 28, 100),
(4040, 297, 571),
(4043, 98, 514),
(4044, 236, 901),
(4045, 62, 311),
(4046, 226, 600),
(4047, 30, 890),
(4048, 222, 300),
(4049, 122, 708),
(4050, 35, 5),
(4052, 144, 807),
(4053, 211, 747),
(4054, 289, 988),
(4056, 225, 941),
(4057, 59, 463),
(4058, 270, 349),
(4059, 64, 684),
(4062, 56, 916),
(4067, 38, 862),
(4068, 157, 48),
(4069, 271, 4),
(4070, 274, 198),
(4071, 39, 478),
(4072, 39, 19),
(4073, 197, 200),
(4074, 257, 222),
(4076, 281, 509),
(4077, 37, 223),
(4078, 292, 983),
(4079, 226, 595),
(4080, 130, 223),
(4081, 202, 861),
(4082, 24, 920),
(4083, 225, 723),
(4084, 226, 51),
(4086, 232, 918),
(4089, 190, 52),
(4090, 243, 947),
(4091, 193, 922),
(4094, 39, 619),
(4095, 42, 843),
(4097, 34, 789),
(4098, 253, 820),
(4099, 243, 581),
(4100, 284, 429),
(4101, 68, 154),
(4102, 120, 419),
(4103, 48, 45),
(4104, 139, 871),
(4105, 48, 603),
(4107, 289, 189),
(4108, 59, 792),
(4111, 156, 149),
(4112, 300, 645),
(4113, 146, 305),
(4116, 221, 538),
(4118, 277, 406),
(4119, 121, 977),
(4121, 22, 995),
(4122, 69, 48),
(4123, 88, 326),
(4124, 203, 561),
(4126, 120, 591),
(4127, 165, 378),
(4128, 242, 640),
(4129, 38, 740),
(4130, 35, 183),
(4131, 52, 825),
(4132, 292, 397),
(4133, 41, 609),
(4134, 261, 379),
(4135, 225, 563),
(4136, 39, 558),
(4137, 203, 551),
(4138, 259, 849),
(4141, 250, 219),
(4142, 174, 894),
(4145, 269, 458),
(4146, 116, 424),
(4147, 236, 377),
(4148, 122, 496),
(4149, 119, 170),
(4151, 127, 201),
(4152, 165, 877),
(4153, 64, 8),
(4154, 170, 594),
(4156, 246, 103),
(4158, 70, 378),
(4159, 38, 513);
INSERT INTO `rooms` (`id`, `room_type_id`, `rooms_number`) VALUES
(4161, 137, 327),
(4164, 158, 287),
(4165, 265, 548),
(4166, 201, 271),
(4167, 257, 745),
(4168, 92, 211),
(4169, 169, 655),
(4170, 210, 950),
(4171, 197, 134),
(4172, 26, 340),
(4173, 204, 413),
(4175, 101, 320),
(4176, 75, 384),
(4177, 252, 365),
(4178, 171, 48),
(4179, 214, 590),
(4180, 158, 709),
(4181, 106, 506),
(4182, 221, 886),
(4183, 54, 353),
(4184, 136, 843),
(4185, 272, 42),
(4186, 73, 811),
(4187, 284, 328),
(4188, 108, 595),
(4189, 97, 731),
(4193, 161, 238),
(4194, 169, 662),
(4195, 148, 61),
(4196, 138, 686),
(4197, 242, 270),
(4198, 42, 586),
(4199, 220, 101),
(4201, 228, 801),
(4202, 251, 983),
(4203, 71, 746),
(4204, 30, 876),
(4206, 159, 51),
(4207, 60, 338),
(4208, 88, 855),
(4209, 204, 310),
(4210, 175, 12),
(4211, 147, 184),
(4212, 211, 402),
(4213, 282, 265),
(4214, 213, 984),
(4215, 213, 775),
(4216, 243, 324),
(4217, 185, 499),
(4218, 237, 860),
(4219, 29, 186),
(4221, 69, 417),
(4222, 193, 575),
(4223, 173, 495),
(4224, 49, 865),
(4225, 244, 225),
(4226, 47, 59),
(4227, 117, 847),
(4229, 88, 160),
(4230, 261, 714),
(4231, 26, 190),
(4232, 24, 184),
(4233, 289, 1),
(4234, 61, 653),
(4235, 81, 551),
(4236, 298, 21),
(4237, 121, 753),
(4238, 217, 219),
(4239, 90, 512),
(4241, 36, 540),
(4242, 78, 463),
(4243, 294, 352),
(4244, 274, 947),
(4245, 27, 899),
(4246, 208, 655),
(4247, 259, 230),
(4248, 186, 545),
(4250, 291, 620),
(4251, 55, 869),
(4252, 206, 598),
(4253, 70, 468),
(4254, 89, 230),
(4255, 257, 722),
(4256, 192, 926),
(4257, 283, 670),
(4258, 261, 279),
(4260, 163, 716),
(4261, 81, 57),
(4262, 192, 700),
(4264, 270, 811),
(4265, 220, 930),
(4266, 139, 404),
(4267, 120, 716),
(4268, 36, 871),
(4269, 125, 460),
(4270, 217, 564),
(4271, 199, 882),
(4272, 154, 746),
(4273, 56, 320),
(4274, 38, 844),
(4275, 206, 372),
(4276, 287, 224),
(4277, 191, 635),
(4278, 147, 990),
(4279, 175, 371),
(4280, 98, 489),
(4281, 118, 518),
(4282, 264, 823),
(4283, 69, 635),
(4284, 281, 944),
(4285, 136, 916),
(4286, 47, 140),
(4288, 45, 566),
(4290, 69, 143),
(4291, 73, 983),
(4293, 190, 233),
(4294, 31, 670),
(4295, 119, 398),
(4297, 298, 542),
(4299, 203, 76),
(4300, 156, 234),
(4302, 241, 602),
(4303, 98, 590),
(4304, 32, 757),
(4306, 150, 479),
(4307, 220, 416),
(4308, 173, 711),
(4310, 114, 469),
(4311, 132, 151),
(4313, 74, 698),
(4314, 101, 891),
(4318, 155, 135),
(4319, 81, 294),
(4321, 257, 653),
(4322, 109, 201),
(4324, 150, 705),
(4325, 220, 865),
(4326, 293, 700),
(4327, 116, 239),
(4328, 269, 82),
(4329, 239, 645),
(4330, 55, 401),
(4332, 42, 412),
(4334, 148, 742),
(4335, 246, 392),
(4336, 39, 679),
(4337, 251, 476),
(4338, 57, 128),
(4339, 300, 358),
(4342, 246, 61),
(4343, 75, 87),
(4344, 78, 160),
(4345, 29, 942),
(4346, 233, 215),
(4348, 47, 884),
(4349, 174, 489),
(4350, 71, 154),
(4351, 117, 146),
(4352, 24, 330),
(4353, 119, 141),
(4354, 206, 6),
(4355, 186, 636),
(4357, 65, 841),
(4358, 143, 281),
(4359, 58, 374),
(4360, 45, 724),
(4361, 68, 353),
(4362, 257, 179),
(4363, 59, 764),
(4364, 197, 827),
(4367, 239, 710),
(4368, 36, 92),
(4369, 155, 258),
(4370, 92, 992),
(4371, 262, 665),
(4372, 241, 661),
(4373, 261, 655),
(4374, 275, 54),
(4375, 297, 71),
(4376, 135, 698),
(4378, 224, 438),
(4382, 147, 907),
(4383, 36, 276),
(4384, 175, 840),
(4385, 208, 52),
(4386, 139, 917),
(4387, 53, 815),
(4389, 81, 320),
(4390, 251, 677),
(4391, 249, 655),
(4392, 210, 9),
(4393, 210, 883),
(4394, 249, 93),
(4395, 50, 101),
(4397, 60, 817),
(4398, 208, 201),
(4400, 287, 442),
(4401, 128, 881),
(4404, 139, 432),
(4405, 57, 810),
(4406, 150, 678),
(4407, 137, 747),
(4408, 108, 648),
(4409, 178, 777),
(4410, 87, 713),
(4411, 271, 727),
(4413, 221, 160),
(4415, 78, 452),
(4416, 269, 992),
(4417, 61, 73),
(4418, 37, 757),
(4419, 239, 15),
(4420, 60, 332),
(4422, 119, 333),
(4423, 149, 952),
(4424, 234, 735),
(4426, 158, 729),
(4427, 233, 180),
(4429, 176, 568),
(4431, 135, 206),
(4432, 90, 374),
(4434, 156, 201),
(4435, 51, 58),
(4436, 161, 23),
(4437, 154, 520),
(4438, 190, 407),
(4440, 227, 499),
(4441, 213, 138),
(4442, 127, 839),
(4443, 125, 938),
(4445, 101, 164),
(4447, 158, 366),
(4448, 272, 99),
(4449, 87, 703),
(4450, 191, 156),
(4451, 259, 145),
(4453, 78, 955),
(4454, 109, 986),
(4455, 51, 751),
(4457, 197, 205),
(4458, 109, 367),
(4461, 217, 405),
(4462, 59, 439),
(4463, 144, 611),
(4464, 269, 690),
(4465, 242, 545),
(4466, 129, 258),
(4467, 165, 6),
(4468, 92, 630),
(4469, 120, 871),
(4471, 216, 546),
(4472, 53, 601),
(4474, 43, 435),
(4475, 25, 916),
(4476, 202, 424),
(4477, 74, 62),
(4478, 237, 390),
(4479, 35, 849),
(4481, 165, 840),
(4482, 36, 675),
(4483, 58, 761),
(4484, 296, 852),
(4485, 73, 934),
(4487, 194, 634),
(4488, 60, 317),
(4489, 187, 468),
(4490, 287, 44),
(4493, 131, 771),
(4494, 22, 803),
(4495, 122, 538),
(4496, 217, 60),
(4499, 34, 526),
(4500, 154, 221),
(4501, 81, 293),
(4502, 47, 331),
(4503, 24, 611),
(4504, 251, 113),
(4505, 169, 525),
(4507, 245, 799),
(4508, 119, 896),
(4509, 87, 781),
(4511, 175, 599),
(4512, 225, 323),
(4513, 65, 21),
(4514, 34, 473),
(4515, 46, 280),
(4516, 69, 43),
(4517, 91, 780),
(4518, 91, 27),
(4519, 61, 527),
(4521, 188, 459),
(4522, 176, 394),
(4525, 215, 154),
(4526, 203, 591),
(4527, 27, 171),
(4529, 128, 893),
(4530, 36, 184),
(4531, 49, 256),
(4532, 201, 537),
(4533, 131, 189),
(4534, 121, 221),
(4535, 49, 600),
(4537, 117, 317),
(4538, 58, 924),
(4539, 29, 296),
(4541, 158, 937),
(4542, 160, 499),
(4543, 201, 216),
(4544, 101, 972),
(4545, 220, 923),
(4546, 171, 695),
(4547, 28, 727),
(4548, 78, 11),
(4549, 271, 272),
(4550, 63, 192),
(4551, 232, 446),
(4552, 201, 893),
(4553, 174, 167),
(4554, 234, 233),
(4555, 106, 589),
(4557, 223, 326),
(4558, 270, 484),
(4559, 81, 563),
(4560, 284, 377),
(4561, 275, 274),
(4562, 69, 148),
(4564, 145, 382),
(4566, 169, 965),
(4567, 65, 172),
(4568, 275, 140),
(4569, 159, 844),
(4571, 37, 731),
(4572, 24, 547),
(4573, 135, 699),
(4574, 137, 29),
(4575, 143, 699),
(4576, 270, 709),
(4577, 223, 882),
(4578, 132, 674),
(4579, 293, 226),
(4580, 64, 678),
(4581, 147, 67),
(4582, 114, 422),
(4584, 120, 354),
(4585, 106, 77),
(4586, 272, 275),
(4587, 27, 691),
(4588, 237, 659),
(4589, 138, 801),
(4590, 150, 861),
(4594, 278, 838),
(4595, 74, 355),
(4596, 171, 42),
(4597, 208, 644),
(4598, 275, 158),
(4601, 250, 999),
(4603, 288, 154),
(4604, 292, 573),
(4605, 52, 961),
(4608, 109, 246),
(4609, 87, 562),
(4610, 298, 327),
(4611, 146, 901),
(4612, 209, 996),
(4613, 243, 806),
(4615, 231, 183),
(4616, 291, 882),
(4617, 262, 547),
(4618, 54, 888),
(4619, 84, 491),
(4621, 117, 558),
(4622, 201, 942),
(4623, 108, 971),
(4624, 278, 187),
(4626, 59, 760),
(4627, 281, 50),
(4628, 271, 789),
(4629, 101, 794),
(4630, 37, 864),
(4631, 284, 457),
(4632, 137, 700),
(4633, 87, 809),
(4634, 160, 405),
(4635, 227, 792),
(4636, 58, 282),
(4639, 22, 664),
(4641, 98, 726),
(4642, 201, 141),
(4644, 193, 980),
(4645, 133, 546),
(4646, 137, 780),
(4648, 166, 984),
(4649, 173, 983),
(4650, 281, 446),
(4651, 32, 574),
(4652, 46, 954),
(4653, 204, 587),
(4655, 54, 124),
(4657, 197, 90),
(4658, 24, 650),
(4659, 59, 635),
(4660, 89, 581),
(4661, 53, 453),
(4662, 119, 314),
(4664, 36, 66),
(4665, 291, 105),
(4666, 215, 938),
(4667, 171, 605),
(4668, 203, 256),
(4670, 47, 22),
(4671, 133, 481),
(4672, 202, 58),
(4673, 206, 844),
(4674, 204, 10),
(4675, 252, 1),
(4676, 267, 46),
(4677, 85, 428),
(4678, 27, 486),
(4679, 175, 215),
(4680, 162, 933),
(4681, 56, 364),
(4684, 252, 672),
(4685, 32, 521),
(4687, 228, 192),
(4688, 38, 773),
(4689, 293, 163),
(4690, 43, 721),
(4691, 176, 559),
(4692, 68, 784),
(4693, 244, 145),
(4694, 23, 354),
(4695, 38, 390),
(4696, 192, 40),
(4697, 172, 894),
(4699, 146, 239),
(4701, 155, 30),
(4702, 249, 269),
(4703, 204, 507),
(4704, 271, 350),
(4705, 288, 753),
(4707, 239, 413),
(4708, 47, 682),
(4710, 281, 366),
(4712, 145, 570),
(4713, 81, 103),
(4714, 137, 602),
(4715, 213, 702),
(4716, 264, 427),
(4718, 213, 122),
(4720, 57, 358),
(4721, 131, 704),
(4722, 60, 144),
(4723, 250, 481),
(4724, 69, 938),
(4725, 299, 21),
(4727, 256, 482),
(4729, 52, 936),
(4731, 31, 660),
(4734, 61, 435),
(4735, 156, 890),
(4736, 56, 823),
(4737, 284, 623),
(4738, 64, 400),
(4739, 87, 496),
(4740, 250, 596),
(4741, 128, 873),
(4749, 92, 37),
(4750, 173, 416),
(4751, 185, 74),
(4753, 24, 125),
(4754, 222, 461),
(4755, 44, 871),
(4756, 209, 682),
(4757, 253, 649),
(4758, 161, 450),
(4759, 53, 731),
(4761, 36, 522),
(4762, 74, 597),
(4763, 232, 355),
(4764, 56, 725),
(4765, 281, 704),
(4766, 150, 648),
(4768, 226, 49),
(4769, 108, 665),
(4770, 253, 894),
(4771, 232, 556),
(4772, 48, 609),
(4773, 154, 257),
(4774, 42, 258),
(4775, 253, 478),
(4776, 251, 616),
(4778, 179, 754),
(4779, 192, 755),
(4780, 90, 460),
(4781, 232, 838),
(4782, 53, 395),
(4783, 251, 971),
(4784, 39, 73),
(4785, 174, 483),
(4786, 136, 403),
(4787, 61, 877),
(4788, 143, 109),
(4789, 227, 463),
(4790, 264, 489),
(4791, 113, 907),
(4792, 178, 341),
(4793, 263, 60),
(4795, 228, 234),
(4796, 28, 895),
(4798, 117, 887),
(4799, 200, 341),
(4800, 171, 577),
(4801, 253, 972),
(4802, 85, 685),
(4804, 54, 736),
(4805, 25, 506),
(4807, 271, 914),
(4808, 45, 165),
(4809, 30, 463),
(4810, 257, 502),
(4811, 21, 259),
(4812, 288, 639),
(4813, 284, 455),
(4815, 156, 104),
(4816, 127, 31),
(4817, 106, 514),
(4818, 297, 544),
(4819, 126, 847),
(4821, 44, 354),
(4822, 262, 246),
(4823, 125, 440),
(4825, 122, 972),
(4826, 160, 830),
(4827, 158, 66),
(4829, 277, 750),
(4830, 78, 683),
(4832, 251, 468),
(4833, 298, 919),
(4834, 48, 894),
(4835, 237, 289),
(4836, 62, 696),
(4837, 291, 804),
(4839, 212, 737),
(4841, 199, 607),
(4842, 256, 87),
(4843, 79, 764),
(4844, 162, 529),
(4845, 90, 218),
(4847, 37, 646),
(4849, 236, 198),
(4850, 291, 919),
(4851, 272, 571),
(4852, 211, 17),
(4853, 130, 97),
(4854, 271, 240),
(4855, 118, 581),
(4856, 137, 574),
(4857, 295, 720),
(4859, 88, 949),
(4860, 292, 347),
(4861, 93, 232),
(4862, 34, 776),
(4863, 217, 595),
(4864, 130, 16),
(4865, 133, 259),
(4867, 220, 500),
(4868, 92, 990),
(4869, 287, 873),
(4871, 174, 89),
(4872, 146, 84),
(4873, 61, 443),
(4875, 236, 170),
(4876, 188, 435),
(4877, 87, 560),
(4878, 271, 104),
(4879, 84, 121),
(4880, 170, 726),
(4881, 269, 194),
(4882, 188, 403),
(4883, 84, 24),
(4884, 77, 571),
(4885, 27, 949),
(4886, 156, 446),
(4887, 21, 379),
(4888, 165, 105),
(4890, 135, 981),
(4891, 154, 210),
(4892, 70, 139),
(4893, 188, 498),
(4894, 208, 474),
(4896, 27, 788),
(4897, 137, 355),
(4898, 159, 326),
(4899, 274, 70),
(4900, 70, 238),
(4902, 274, 966),
(4903, 262, 402),
(4904, 156, 561),
(4905, 65, 496),
(4906, 165, 843),
(4908, 199, 713),
(4909, 221, 440),
(4912, 31, 209),
(4913, 126, 861),
(4914, 84, 294),
(4915, 35, 18),
(4917, 170, 24),
(4918, 135, 993),
(4919, 261, 917),
(4921, 296, 367),
(4922, 299, 2),
(4923, 222, 311),
(4924, 97, 311),
(4925, 75, 401),
(4926, 206, 925),
(4927, 93, 760),
(4928, 175, 1000),
(4929, 271, 459),
(4932, 169, 362),
(4933, 234, 964),
(4936, 58, 935),
(4937, 48, 657),
(4938, 245, 578),
(4939, 88, 520),
(4941, 171, 977),
(4942, 71, 692),
(4943, 154, 875),
(4944, 84, 464),
(4945, 61, 478),
(4947, 245, 12),
(4948, 109, 928),
(4949, 201, 661),
(4950, 185, 780),
(4952, 212, 377),
(4954, 285, 70),
(4956, 138, 281),
(4957, 227, 67),
(4959, 270, 439),
(4961, 245, 691),
(4962, 135, 369),
(4963, 158, 275),
(4964, 210, 962),
(4966, 187, 738),
(4967, 220, 782),
(4968, 60, 770),
(4970, 297, 323),
(4971, 136, 287),
(4973, 172, 133),
(4974, 159, 941),
(4975, 171, 205),
(4976, 231, 811),
(4977, 172, 990),
(4978, 208, 859),
(4980, 281, 301),
(4981, 59, 269),
(4982, 99, 615),
(4984, 275, 468),
(4985, 34, 595),
(4986, 88, 896),
(4987, 204, 347),
(4988, 88, 70),
(4989, 197, 7),
(4990, 125, 474),
(4991, 295, 481),
(4992, 118, 245),
(4993, 297, 198),
(4994, 253, 655),
(4995, 138, 957),
(4996, 55, 700),
(4997, 287, 221),
(5000, 292, 726),
(5001, 14, 3),
(5003, 14, 3),
(5004, 14, 3),
(5005, 14, 3),
(5006, 14, 3),
(5007, 14, 3),
(5008, 14, 3),
(5009, 14, 3),
(5010, 14, 3);

-- --------------------------------------------------------

--
-- Tabellstruktur `room_types`
--

CREATE TABLE `room_types` (
  `id` int(11) UNSIGNED NOT NULL,
  `hotel_id` int(11) UNSIGNED NOT NULL,
  `room_type` varchar(20) NOT NULL,
  `price` double(22,0) UNSIGNED NOT NULL
) ENGINE=InnoDB DEFAULT CHARSET=utf8mb4;

--
-- Dumpning av Data i tabell `room_types`
--

INSERT INTO `room_types` (`id`, `hotel_id`, `room_type`, `price`) VALUES
(1, 1, 'dubbelrum', 1500),
(2, 2, 'dubbelrum', 1500),
(3, 3, 'dubbelrum', 1500),
(4, 4, 'dubbelrum', 1500),
(5, 5, 'dubbelrum', 1500),
(6, 6, 'dubbelrum', 1500),
(7, 7, 'dubbelrum', 1500),
(8, 8, 'dubbelrum', 1500),
(9, 9, 'dubbelrum', 1500),
(10, 10, 'dubbelrum', 1500),
(11, 11, 'dubbelrum', 1500),
(12, 12, 'dubbelrum', 1500),
(13, 13, 'dubbelrum', 1500),
(14, 14, 'dubbelrum', 1500),
(15, 15, 'dubbelrum', 1500),
(16, 16, 'dubbelrum', 1500),
(17, 17, 'dubbelrum', 1500),
(18, 18, 'dubbelrum', 1500),
(19, 19, 'dubbelrum', 1500),
(21, 1, 'enkelrum', 1500),
(22, 2, 'enkelrum', 1500),
(23, 3, 'enkelrum', 1500),
(24, 4, 'enkelrum', 1500),
(25, 5, 'enkelrum', 1500),
(26, 6, 'enkelrum', 1500),
(27, 7, 'enkelrum', 1500),
(28, 8, 'enkelrum', 1500),
(29, 9, 'enkelrum', 1500),
(30, 10, 'enkelrum', 1500),
(31, 11, 'enkelrum', 1500),
(32, 12, 'enkelrum', 1500),
(33, 13, 'enkelrum', 1500),
(34, 14, 'enkelrum', 1500),
(35, 15, 'enkelrum', 1500),
(36, 16, 'enkelrum', 1500),
(37, 17, 'enkelrum', 1500),
(38, 18, 'enkelrum', 1500),
(39, 19, 'enkelrum', 1500),
(41, 1, 'familjerum', 2000),
(42, 2, 'familjerum', 2000),
(43, 3, 'familjerum', 2000),
(44, 4, 'familjerum', 2000),
(45, 5, 'familjerum', 2000),
(46, 6, 'familjerum', 2000),
(47, 7, 'familjerum', 2000),
(48, 8, 'familjerum', 2000),
(49, 9, 'familjerum', 2000),
(50, 10, 'familjerum', 2000),
(51, 11, 'familjerum', 2000),
(52, 12, 'familjerum', 2000),
(53, 13, 'familjerum', 2000),
(54, 14, 'familjerum', 2000),
(55, 15, 'familjerum', 2000),
(56, 16, 'familjerum', 2000),
(57, 17, 'familjerum', 2000),
(58, 18, 'familjerum', 2000),
(59, 19, 'familjerum', 2000),
(60, 20, 'familjerum', 2000),
(61, 23, 'dubbelrum', 1500),
(62, 77, 'familjerum', 2000),
(63, 74, 'familjerum', 2000),
(64, 81, 'familjerum', 2000),
(65, 50, 'familjerum', 2000),
(66, 93, 'familjerum', 2000),
(68, 48, 'dubbelrum', 1500),
(69, 53, 'familjerum', 2000),
(70, 78, 'familjerum', 2000),
(71, 39, 'familjerum', 2000),
(73, 39, 'dubbelrum', 1500),
(74, 97, 'familjerum', 2000),
(75, 23, 'familjerum', 2000),
(77, 31, 'familjerum', 2000),
(78, 60, 'familjerum', 2000),
(79, 96, 'familjerum', 2000),
(81, 98, 'familjerum', 2000),
(84, 54, 'familjerum', 2000),
(85, 73, 'familjerum', 2000),
(87, 29, 'familjerum', 2000),
(88, 54, 'dubbelrum', 1500),
(89, 81, 'dubbelrum', 2000),
(90, 87, 'familjerum', 2000),
(91, 69, 'familjerum', 2000),
(92, 33, 'familjerum', 2000),
(93, 84, 'familjerum', 2000),
(97, 36, 'familjerum', 2000),
(98, 41, 'familjerum', 2000),
(99, 99, 'familjerum', 2000),
(100, 82, 'dubbelrum', 2000),
(101, 32, 'familjerum', 2000),
(106, 38, 'familjerum', 2000),
(108, 22, 'familjerum', 2000),
(109, 69, 'dubbelrum', 1500),
(113, 40, 'familjerum', 2000),
(114, 46, 'familjerum', 2000),
(116, 70, 'familjerum', 2000),
(117, 25, 'enkelrum', 1000),
(118, 61, 'familjerum', 2000),
(119, 58, 'familjerum', 2000),
(120, 71, 'dubbelrum', 1500),
(121, 28, 'familjerum', 2000),
(122, 72, 'dubbelrum', 1500),
(124, 56, 'familjerum', 2000),
(125, 88, 'familjerum', 2000),
(126, 34, 'familjerum', 2000),
(127, 67, 'familjerum', 2000),
(128, 89, 'familjerum', 2000),
(129, 40, 'enkelrum', 1000),
(130, 77, 'enkelrum', 2000),
(131, 25, 'familjerum', 2000),
(132, 72, 'familjerum', 2000),
(133, 82, 'familjerum', 2000),
(134, 48, 'familjerum', 2000),
(135, 85, 'familjerum', 2000),
(136, 52, 'familjerum', 2000),
(137, 71, 'familjerum', 2000),
(138, 42, 'familjerum', 2000),
(139, 91, 'familjerum', 2000),
(143, 73, 'dubbelrum', 1000),
(144, 67, 'enkelrum', 1000),
(145, 29, 'enkelrum', 1000),
(146, 93, 'enkelrum', 1000),
(147, 51, 'enkelrum', 1000),
(148, 95, 'familjerum', 1000),
(149, 58, 'enkelrum', 1000),
(150, 90, 'enkelrum', 1000),
(154, 68, 'enkelrum', 1000),
(155, 91, 'enkelrum', 1000),
(156, 81, 'enkelrum', 1000),
(157, 93, 'dubbelrum', 1000),
(158, 49, 'enkelrum', 1000),
(159, 85, 'enkelrum', 1000),
(160, 100, 'enkelrum', 1000),
(161, 95, 'enkelrum', 1000),
(162, 82, 'enkelrum', 1000),
(163, 80, 'enkelrum', 1000),
(165, 64, 'enkelrum', 1000),
(166, 99, 'enkelrum', 1000),
(169, 60, 'enkelrum', 1000),
(170, 89, 'enkelrum', 1000),
(171, 72, 'enkelrum', 1000),
(172, 74, 'enkelrum', 1000),
(173, 87, 'enkelrum', 1000),
(174, 73, 'enkelrum', 1000),
(175, 52, 'enkelrum', 1000),
(176, 51, 'dubbelrum', 1500),
(178, 38, 'enkelrum', 1000),
(179, 68, 'dubbelrum', 1500),
(185, 47, 'enkelrum', 1000),
(186, 31, 'enkelrum', 1000),
(187, 88, 'enkelrum', 1000),
(188, 91, 'dubbelrum', 1000),
(190, 44, 'enkelrum', 1000),
(191, 63, 'enkelrum', 1000),
(192, 46, 'enkelrum', 1000),
(193, 42, 'enkelrum', 1000),
(194, 27, 'enkelrum', 1000),
(197, 33, 'enkelrum', 1000),
(199, 76, 'enkelrum', 1000),
(200, 35, 'enkelrum', 1000),
(201, 34, 'enkelrum', 1000),
(202, 50, 'enkelrum', 1000),
(203, 55, 'enkelrum', 1000),
(204, 21, 'enkelrum', 1000),
(206, 47, 'dubbelrum', 1500),
(208, 45, 'enkelrum', 1000),
(209, 70, 'enkelrum', 1000),
(210, 39, 'enkelrum', 1000),
(211, 20, 'enkelrum', 1000),
(212, 30, 'dubbelrum', 1500),
(213, 84, 'enkelrum', 1000),
(214, 57, 'enkelrum', 1000),
(215, 92, 'enkelrum', 1000),
(216, 30, 'enkelrum', 1000),
(217, 86, 'enkelrum', 1000),
(220, 96, 'enkelrum', 1000),
(221, 35, 'familjerum', 2000),
(222, 25, 'dubbelrum', 1500),
(223, 42, 'dubbelrum', 1500),
(224, 78, 'enkelrum', 1500),
(225, 55, 'dubbelrum', 1500),
(226, 94, 'enkelrum', 1500),
(227, 95, 'dubbelrum', 1500),
(228, 84, 'dubbelrum', 1500),
(231, 46, 'dubbelrum', 1500),
(232, 79, 'dubbelrum', 1500),
(233, 77, 'dubbelrum', 1500),
(234, 50, 'dubbelrum', 1500),
(236, 99, 'dubbelrum', 1500),
(237, 64, 'familjerum', 2000),
(239, 20, 'dubbelrum', 1500),
(241, 89, 'dubbelrum', 1500),
(242, 53, 'enkelrum', 1000),
(243, 94, 'dubbelrum', 1500),
(244, 26, 'dubbelrum', 1500),
(245, 22, 'enkelrum', 1000),
(246, 34, 'dubbelrum', 1500),
(249, 43, 'enkelrum', 1000),
(250, 29, 'dubbelrum', 1500),
(251, 85, 'dubbelrum', 1500),
(252, 21, 'dubbelrum', 1500),
(253, 90, 'dubbelrum', 1500),
(256, 90, 'familjerum', 1500),
(257, 33, 'dubbelrum', 1500),
(258, 22, 'dubbelrum', 1500),
(259, 58, 'dubbelrum', 1500),
(260, 38, 'dubbelrum', 1500),
(261, 55, 'familjerum', 666),
(262, 35, 'dubbelrum', 1500),
(263, 53, 'dubbelrum', 1500),
(264, 66, 'enkelrum', 666),
(265, 40, 'dubbelrum', 1500),
(267, 100, 'familjerum', 1500),
(269, 78, 'dubbelrum', 1500),
(270, 52, 'dubbelrum', 1500),
(271, 56, 'dubbelrum', 1500),
(272, 88, 'dubbelrum', 1500),
(273, 100, 'dubbelrum', 1500),
(274, 83, 'dubbelrum', 1500),
(275, 64, 'dubbelrum', 1500),
(277, 57, 'familjerum', 666),
(278, 67, 'dubbelrum', 1500),
(281, 43, 'dubbelrum', 1500),
(282, 66, 'familjerum', 2000),
(283, 32, 'dubbelrum', 1500),
(284, 28, 'dubbelrum', 1500),
(285, 63, 'dubbelrum', 1500),
(287, 70, 'dubbelrum', 1500),
(288, 37, 'dubbelrum', 1500),
(289, 76, 'dubbelrum', 1500),
(291, 86, 'dubbelrum', 1500),
(292, 75, 'dubbelrum', 1500),
(293, 26, 'enkelrum', 1000),
(294, 65, 'dubbelrum', 1500),
(295, 49, 'dubbelrum', 1500),
(296, 76, 'familjerum', 1500),
(297, 31, 'dubbelrum', 1500),
(298, 57, 'dubbelrum', 1500),
(299, 66, 'dubbelrum', 1500),
(300, 26, 'familjerum', 1500),
(308, 21, 'familjerum', 2000),
(309, 23, 'enkelrum', 1000),
(310, 24, 'enkelrum', 1000),
(311, 24, 'dubbelrum', 1500),
(312, 24, 'familjerum', 2000),
(313, 27, 'dubbelrum', 1500),
(314, 27, 'familjerum', 2000),
(315, 28, 'enkelrum', 1000),
(316, 30, 'familjerum', 2000),
(317, 32, 'enkelrum', 1000),
(318, 36, 'enkelrum', 1000),
(319, 36, 'dubbelrum', 1500),
(320, 37, 'enkelrum', 1000),
(321, 37, 'familjerum', 2000),
(322, 41, 'enkelrum', 1000),
(323, 41, 'dubbelrum', 1500),
(324, 43, 'familjerum', 2000),
(325, 44, 'dubbelrum', 1500),
(326, 44, 'familjerum', 2000),
(327, 45, 'dubbelrum', 1500),
(328, 45, 'familjerum', 2000),
(329, 47, 'familjerum', 2000),
(330, 48, 'enkelrum', 1000),
(331, 49, 'familjerum', 2000),
(332, 51, 'familjerum', 666),
(333, 54, 'enkelrum', 1000),
(334, 56, 'enkelrum', 1000),
(335, 59, 'enkelrum', 666),
(336, 59, 'dubbelrum', 696),
(337, 59, 'familjerum', 6969),
(338, 60, 'dubbelrum', 666),
(339, 61, 'enkelrum', 666),
(340, 61, 'dubbelrum', 696),
(341, 62, 'enkelrum', 666),
(342, 62, 'dubbelrum', 696),
(343, 62, 'familjerum', 6969),
(344, 63, 'familjerum', 2000),
(345, 65, 'enkelrum', 666),
(346, 65, 'familjerum', 2000),
(347, 68, 'familjerum', 2000),
(348, 69, 'enkelrum', 1000),
(349, 71, 'enkelrum', 1000),
(350, 74, 'dubbelrum', 666),
(351, 75, 'enkelrum', 666),
(352, 75, 'familjerum', 999),
(353, 79, 'enkelrum', 666),
(354, 79, 'familjerum', 1500),
(355, 80, 'dubbelrum', 666),
(356, 80, 'familjerum', 999),
(357, 83, 'enkelrum', 666),
(358, 83, 'familjerum', 999),
(359, 86, 'familjerum', 666),
(360, 87, 'dubbelrum', 666),
(361, 92, 'dubbelrum', 666),
(362, 92, 'familjerum', 999),
(363, 94, 'familjerum', 666),
(364, 96, 'dubbelrum', 666),
(365, 97, 'enkelrum', 666),
(366, 97, 'dubbelrum', 696),
(367, 98, 'enkelrum', 666),
(368, 98, 'dubbelrum', 666),
(371, 110, 'dubbelrum', 2000);

--
-- Index för dumpade tabeller
--

--
-- Index för tabell `booked_rooms`
--
ALTER TABLE `booked_rooms`
  ADD PRIMARY KEY (`booking_id`,`room_id`),
  ADD KEY `fkIdx_222` (`booking_id`),
  ADD KEY `fkIdx_229` (`room_id`);

--
-- Index för tabell `bookings`
--
ALTER TABLE `bookings`
  ADD PRIMARY KEY (`id`),
  ADD KEY `fkIdx_135` (`customer_id`);

--
-- Index för tabell `cities`
--
ALTER TABLE `cities`
  ADD PRIMARY KEY (`id`);

--
-- Index för tabell `customers`
--
ALTER TABLE `customers`
  ADD PRIMARY KEY (`id`),
  ADD UNIQUE KEY `e_mail` (`e_mail`),
  ADD UNIQUE KEY `person_number` (`person_number`);

--
-- Index för tabell `hotels`
--
ALTER TABLE `hotels`
  ADD PRIMARY KEY (`id`),
  ADD UNIQUE KEY `e_mail` (`e_mail`),
  ADD KEY `fkIdx_152` (`city_id`);

--
-- Index för tabell `reviews`
--
ALTER TABLE `reviews`
  ADD PRIMARY KEY (`id`),
  ADD UNIQUE KEY `UK_3p9j9vyr1qofbcxju65es206r` (`booking_id`),
  ADD KEY `fkIdx_210` (`booking_id`);

--
-- Index för tabell `rooms`
--
ALTER TABLE `rooms`
  ADD PRIMARY KEY (`id`),
  ADD KEY `fkIdx_147` (`room_type_id`);

--
-- Index för tabell `room_types`
--
ALTER TABLE `room_types`
  ADD PRIMARY KEY (`id`),
  ADD KEY `fkIdx_144` (`hotel_id`);

--
-- AUTO_INCREMENT för dumpade tabeller
--

--
-- AUTO_INCREMENT för tabell `bookings`
--
ALTER TABLE `bookings`
  MODIFY `id` int(11) UNSIGNED NOT NULL AUTO_INCREMENT, AUTO_INCREMENT=46;

--
-- AUTO_INCREMENT för tabell `cities`
--
ALTER TABLE `cities`
  MODIFY `id` int(11) UNSIGNED NOT NULL AUTO_INCREMENT, AUTO_INCREMENT=34;

--
-- AUTO_INCREMENT för tabell `customers`
--
ALTER TABLE `customers`
  MODIFY `id` int(11) UNSIGNED NOT NULL AUTO_INCREMENT, AUTO_INCREMENT=39;

--
-- AUTO_INCREMENT för tabell `hotels`
--
ALTER TABLE `hotels`
  MODIFY `id` int(11) UNSIGNED NOT NULL AUTO_INCREMENT, AUTO_INCREMENT=113;

--
-- AUTO_INCREMENT för tabell `reviews`
--
ALTER TABLE `reviews`
  MODIFY `id` int(11) UNSIGNED NOT NULL AUTO_INCREMENT, AUTO_INCREMENT=32;

--
-- AUTO_INCREMENT för tabell `rooms`
--
ALTER TABLE `rooms`
  MODIFY `id` int(11) UNSIGNED NOT NULL AUTO_INCREMENT, AUTO_INCREMENT=5012;

--
-- AUTO_INCREMENT för tabell `room_types`
--
ALTER TABLE `room_types`
  MODIFY `id` int(11) UNSIGNED NOT NULL AUTO_INCREMENT, AUTO_INCREMENT=373;

--
-- Restriktioner för dumpade tabeller
--

--
-- Restriktioner för tabell `booked_rooms`
--
ALTER TABLE `booked_rooms`
  ADD CONSTRAINT `FK_222` FOREIGN KEY (`booking_id`) REFERENCES `bookings` (`id`) ON DELETE CASCADE ON UPDATE NO ACTION,
  ADD CONSTRAINT `FK_229` FOREIGN KEY (`room_id`) REFERENCES `rooms` (`id`) ON DELETE CASCADE ON UPDATE NO ACTION;

--
-- Restriktioner för tabell `bookings`
--
ALTER TABLE `bookings`
  ADD CONSTRAINT `FK_135` FOREIGN KEY (`customer_id`) REFERENCES `customers` (`id`) ON DELETE CASCADE ON UPDATE NO ACTION;

--
-- Restriktioner för tabell `hotels`
--
ALTER TABLE `hotels`
  ADD CONSTRAINT `FK_152` FOREIGN KEY (`city_id`) REFERENCES `cities` (`id`) ON DELETE CASCADE ON UPDATE NO ACTION;

--
-- Restriktioner för tabell `reviews`
--
ALTER TABLE `reviews`
  ADD CONSTRAINT `FK_210` FOREIGN KEY (`booking_id`) REFERENCES `bookings` (`id`) ON DELETE CASCADE ON UPDATE NO ACTION;

--
-- Restriktioner för tabell `rooms`
--
ALTER TABLE `rooms`
  ADD CONSTRAINT `FK_147` FOREIGN KEY (`room_type_id`) REFERENCES `room_types` (`id`) ON DELETE CASCADE ON UPDATE NO ACTION;

--
-- Restriktioner för tabell `room_types`
--
ALTER TABLE `room_types`
  ADD CONSTRAINT `FK_144` FOREIGN KEY (`hotel_id`) REFERENCES `hotels` (`id`) ON DELETE CASCADE ON UPDATE NO ACTION;
COMMIT;

/*!40101 SET CHARACTER_SET_CLIENT=@OLD_CHARACTER_SET_CLIENT */;
/*!40101 SET CHARACTER_SET_RESULTS=@OLD_CHARACTER_SET_RESULTS */;
/*!40101 SET COLLATION_CONNECTION=@OLD_COLLATION_CONNECTION */;
